episode,prey_ode,predator_ode
0.0,10.0,2.0
0.10012515644555695,9.173089796027991,1.9792848135145242
0.2002503128911139,8.428880756758534,1.9491322213898397
0.3003754693366708,7.762423064317982,1.9109461923180668
0.4005006257822278,7.167943301660241,1.866098018622529
0.5006257822277848,6.639299782965868,1.8158817940635614
0.6007509386733416,6.1703156176230936,1.7614861958482657
0.7008760951188986,5.755012145600059,1.7039789692382907
0.8010012515644556,5.387758512809763,1.6443013465124512
0.9011264080100125,5.063356903048029,1.5832695724735868
1.0012515644555695,4.777081179701152,1.5215810943931216
1.1013767209011265,4.524683234281149,1.459823609424638
1.2015018773466832,4.302378051101727,1.3984855668970302
1.3016270337922402,4.106815667266031,1.3379671971701397
1.4017521902377972,3.9350461422472565,1.278591362446954
1.5018773466833542,3.784481714215404,1.220613824169892
1.6020025031289111,3.6528588858347923,1.164232692756936
1.702127659574468,3.538201821158585,1.1095970048686825
1.802252816020025,3.4387883778717097,1.056814322400354
1.902377972465582,3.353119280994076,1.005957389642394
2.002503128911139,3.2798902953135065,0.9570699610247231
2.1026282853566958,3.217967418845459,0.9101718525063497
2.202753441802253,3.166365421682301,0.8652632103830658
2.3028785982478097,3.1242286329771174,0.8223282334866913
2.4030037546933665,3.090814424143562,0.7813383063151452
2.5031289111389237,3.0654790245997763,0.7422546139809933
2.6032540675844804,3.047664700213272,0.7050304472319906
2.7033792240300376,3.036889471850083,0.6696130051044351
2.8035043804755944,3.032737285853616,0.6359450455895248
2.9036295369211516,3.034850545313076,0.6039661248314576
3.0037546933667083,3.0429225963972106,0.5736137560981781
3.1038798498122655,3.056692348520595,0.5448242384997246
3.2040050062578223,3.0759385222843303,0.5175334662937435
3.304130162703379,3.1004756935476627,0.49167746227650844
3.404255319148936,3.1301500800113136,0.4671929255816126
3.504380475594493,3.164836375698725,0.4440175731251298
3.60450563204005,3.2044348626565546,0.4220904840960152
3.704630788485607,3.2488687910937544,0.4013523148867848
3.804755944931164,3.2980823893492537,0.3817454989746671
3.904881101376721,3.3520387834538914,0.36321437026459413
4.005006257822278,3.410718565143714,0.34570526481987446
4.105131414267834,3.4741181892626827,0.3291665792137067
4.2052565707133915,3.5422489013018965,0.3135488065050165
4.305381727158949,3.615135540075118,0.298804548863842
4.405506883604506,3.69281569664102,0.28488850979288133
4.505632040050062,3.775338850598236,0.2717574772109794
4.605757196495619,3.8627656820571565,0.25937028540626017
4.705882352941177,3.955167469024311,0.247687781658445
4.806007509386733,4.052625515304551,0.23667276755390906
4.90613266583229,4.155230730172521,0.22628995677349872
5.006257822277847,4.263083160842149,0.21650590500281458
5.1063829787234045,4.376291687839726,0.20728896188469892
5.206508135168961,4.494973655695735,0.1986091993989055
5.306633291614518,4.6192546239376835,0.1904383550989565
5.406758448060075,4.749268096311539,0.1827497712994761
5.506883604505632,4.88515528434463,0.17551832586347976
5.607008760951189,5.027064916057382,0.16872038467331868
5.707133917396746,5.175152996275764,0.1623337306161066
5.807259073842303,5.329582660333295,0.15633751513374147
5.907384230287859,5.490523952342064,0.1507122076518357
6.007509386733417,5.658153619968939,0.14543953178429217
6.107634543178974,5.832654980776027,0.1405024306362683
6.207759699624531,6.0142176549986,0.13588502130932778
6.307884856070087,6.203037306078716,0.1315725401686365
6.4080100125156445,6.399315514299456,0.1275513197280442
6.508135168961202,6.603259437740094,0.12380875272725021
6.608260325406758,6.815081427843688,0.12033325568938705
6.708385481852315,7.0349987237410865,0.11711424359364836
6.808510638297872,7.263233216545006,0.11414212016593302
6.90863579474343,7.50001081524988,0.11140824878098056
7.008760951188986,7.7455608375556295,0.10890494606946444
7.108886107634543,8.00011562368342,0.1066254791613342
7.2090112640801,8.263909854378722,0.10456406358283854
7.309136420525657,8.537179787082708,0.10271586032140728
7.409261576971214,8.820161801177353,0.10107701239045969
7.509386733416771,9.113092122891114,0.09964465106149477
7.609511889862328,9.41620551130357,0.09841692130375494
7.7096370463078845,9.729733476315737,0.09739303124003443
7.809762202753442,10.053902930763497,0.09657330639317956
7.909887359198999,10.388934676924935,0.09595923672748073
8.010012515644556,10.735040926083885,0.09555356801964077
8.110137672090113,11.092423151883715,0.09536039213360062
8.210262828535669,11.461269637919417,0.09538524016520745
8.310387984981226,11.841751827050727,0.09563523879253424
8.410513141426783,12.234021363764398,0.09611924039881702
8.51063829787234,12.638205756622567,0.0968480094613458
8.610763454317897,13.054403624047332,0.09783444307745753
8.710888610763455,13.48267978395695,0.09909379145534528
8.811013767209012,13.923058464549717,0.10064397752265332
8.911138923654567,14.375517081280718,0.10250588921683629
9.011264080100124,14.83997727139111,0.10470380816897276
9.111389236545682,15.316296491721165,0.10726581614791758
9.211514392991239,15.804256479983652,0.11022435615720094
9.311639549436796,16.303551836018727,0.11361679506713242
9.411764705882353,16.81377508864351,0.11748616060521544
9.51188986232791,17.334401412251008,0.12188190324792277
9.612015018773466,17.864769116167636,0.1268608691400319
9.712140175219023,18.404059519926868,0.13248830907987139
9.81226533166458,18.951271400280323,0.13883915753688855
9.912390488110137,19.505194896723413,0.14599933877122362
10.012515644555695,20.06437829886253,0.15406741955458442
10.112640801001252,20.627094819399947,0.16315625140787052
10.212765957446809,21.19130028419766,0.1733950324890136
10.312891113892366,21.75459187921339,0.1849312834975055
10.413016270337922,22.314156365945536,0.1979332542028734
10.513141426783479,22.866720792929296,0.21259212685181228
10.613266583229036,23.408493615987812,0.22912448005439812
10.713391739674593,23.935109935057802,0.24777436491834182
10.81351689612015,24.441572900525717,0.26881514843954224
10.913642052565708,24.922202565751103,0.29255055637092076
11.013767209011265,25.37059297448616,0.31931461010597195
11.11389236545682,25.779586458293597,0.3494697746436757
11.214017521902377,26.141274563131017,0.38340267529880084
11.314142678347935,26.44703658501582,0.42151643452523463
11.414267834793492,26.687632134643813,0.46421846908911296
11.514392991239049,26.85336152593463,0.5119029164233361
11.614518147684606,26.934309591695477,0.564926671288005
11.714643304130163,26.920692950043513,0.6235778984162081
11.814768460575719,26.803310589637313,0.6880378588596591
11.914893617021276,26.574094751422646,0.7583369030780289
12.015018773466833,26.226756496900567,0.8343064290701572
12.11514392991239,25.75746288632202,0.9155328536468778
12.215269086357948,25.16549664960041,1.0013185977936967
12.315394242803505,24.45381319995692,1.0906580502663128
12.415519399249062,23.629391191994436,1.1822366738576071
12.515644555694617,22.703295962816156,1.2744591685149804
12.615769712140175,21.69039207699558,1.3655098054922405
12.715894868585732,20.608694065848727,1.4534426817167647
12.816020025031289,19.478399334228374,1.536294398612809
12.916145181476846,18.32071047197147,1.6122061458529335
13.016270337922403,17.15659527340427,1.679539645895412
13.11639549436796,16.005627730024358,1.7369732154674256
13.216520650813516,14.885047909936818,1.78356627296281
13.316645807259073,13.809123325293081,1.8187872116765746
13.41677096370463,12.78883814974621,1.8425055904325118
13.516896120150188,11.8318854194463,1.854954552425756
13.617021276595745,10.942900801524965,1.856672456389634
13.717146433041302,10.12385966259257,1.8484334797858393
13.81727158948686,9.374558442481895,1.8311761523365764
13.917396745932415,8.693114402062681,1.8059365797840676
14.017521902377972,8.076437563966136,1.773790551927525
14.117647058823529,7.520642970106213,1.7358069615972278
14.217772215269086,7.021389455689351,1.6930128469068175
14.317897371714643,6.57414764981376,1.6463688009666553
14.4180225281602,6.174397311136777,1.5967537841001134
14.518147684605758,5.8177660249319185,1.5449572685900281
14.618272841051313,5.500120854440355,1.49167695542325
14.71839799749687,5.217622408143509,1.4375206100350093
14.818523153942428,4.966750928559641,1.383010623399022
14.918648310387985,4.744312856525459,1.3285902572055661
15.018773466833542,4.547433926971647,1.2746307906628187
15.1188986232791,4.373543396595765,1.2214390401779271
15.219023779724656,4.2203533062540135,1.169264762157861
15.319148936170212,4.0858353198002595,1.11830772846833
15.419274092615769,3.968196664338221,1.0687243503492279
15.519399249061326,3.865856477704152,1.0206337219039627
15.619524405506883,3.777423538283285,0.9741230202774986
15.71964956195244,3.7016753640737385,0.9292523595250973
15.819774718397998,3.6375390554140754,0.8860590729672807
15.919899874843555,3.584074334850433,0.8445613943029899
16.020025031289112,3.5404578792867905,0.804761754437847
16.12015018773467,3.5059697951953757,0.7666495584014611
16.220275344180227,3.4799815317339435,0.730203591306032
16.320400500625784,3.4619450392599127,0.6953941288191946
16.420525657071337,3.4513837354256967,0.6621846394310877
16.520650813516895,3.447883898883067,0.630533362356955
16.62077596996245,3.4510879709684197,0.6003944971729195
16.72090112640801,3.4606878063416264,0.5717193601283308
16.821026282853566,3.4764196768781956,0.5444572042998581
16.921151439299123,3.4980591184796324,0.518556046904748
17.02127659574468,3.525416982426053,0.4939632380020512
17.121401752190238,3.558335835823848,0.4706260139666113
17.221526908635795,3.596686518788272,0.4484919160680373
17.321652065081352,3.6403657959789775,0.4275091213486244
17.42177722152691,3.6892935022796403,0.40762675430598033
17.521902377972467,3.7434107582554303,0.3887950726045534
17.622027534418024,3.8026779775587993,0.3709656738624909
17.72215269086358,3.8670732103675767,0.3540916077517804
17.822277847309135,3.9365908772271805,0.3381274878268338
17.92240300375469,4.011240322169543,0.3230295582074059
18.02252816020025,4.0910449129051205,0.3087557385713127
18.122653316645806,4.176040940910847,0.29526565713277303
18.222778473091363,4.26627683035981,0.28252065318953756
18.32290362953692,4.361812412386302,0.27048378401840645
18.423028785982478,4.462718177916548,0.25911980119472766
18.523153942428035,4.569074795251534,0.2483951373050577
18.623279098873592,4.680972481809989,0.23827787022668898
18.72340425531915,4.798510592592577,0.22873769096976374
18.823529411764707,4.921797181366989,0.21974586925371117
18.923654568210264,5.050948560657133,0.21127520338949976
19.02377972465582,5.186089012306326,0.20329998847239042
19.123904881101378,5.327350373867477,0.19579596514800082
19.22403003754693,5.474871747161765,0.18874027656315928
19.32415519399249,5.628799205117596,0.18211143256684917
19.424280350438046,5.789285402867028,0.17588925671860012
19.524405506883603,5.956489339934954,0.1700548521089399
19.62453066332916,6.130576037051917,0.16459056662648766
19.724655819774718,6.311716109032479,0.15947994745172261
19.824780976220275,6.500085483962305,0.15470771161754462
19.924906132665832,6.69586506525394,0.15025972190338313
20.02503128911139,6.899240232003851,0.1461229529708939
20.125156445556946,7.11040027678148,0.14228546573153836
20.225281602002504,7.329538172645119,0.13873639983907224
20.32540675844806,7.556849880864613,0.13546594971110867
20.425531914893618,7.79253356902847,0.13246535669245488
20.525657071339175,8.03678891041077,0.12972690917704963
20.625782227784732,8.2898166503024,0.12724394350057333
20.725907384230286,8.55181736356954,0.12501084433055504
20.826032540675843,8.822990255393405,0.1230230730675928
20.9261576971214,9.103532377675682,0.1212771843947351
21.026282853566958,9.393637238406859,0.11977085294301966
21.126408010012515,9.693492985290064,0.11850292568285553
21.226533166458072,10.003280983691193,0.11747346963958664
21.32665832290363,10.323173957725297,0.11668382685159534
21.426783479349186,10.653333299108086,0.1161367131016125
21.526908635794744,10.993907117656809,0.11583629237708473
21.6270337922403,11.345027186171144,0.11578828864543328
21.727158948685858,11.706805374441954,0.1160001346308965
21.827284105131415,12.07933060725667,0.1164810949126434
21.927409261576972,12.462664028610929,0.11724246873381913
22.02753441802253,12.856834632107052,0.11829778211140124
22.127659574468083,13.261833736933015,0.11966302570415674
22.22778473091364,13.677608579731857,0.12135694487206695
22.327909887359198,14.104055756889741,0.12340133215575022
22.428035043804755,14.541012525269227,0.12582142732818846
22.528160200250312,14.98824853608148,0.12864629669864203
22.62828535669587,15.44545450856649,0.13190936070601458
22.728410513141426,15.912231501765174,0.1356488950294161
22.828535669586984,16.388076434441146,0.13990871132107244
22.92866082603254,16.872368125513173,0.14473881479972872
23.028785982478098,17.364348903973806,0.15019627147378004
23.128911138923655,17.86310663601837,0.15634605424804723
23.229036295369212,18.367551570699433,0.16326212800395737
23.32916145181477,18.876393558140585,0.171028509065269
23.429286608260327,19.38811342285377,0.179740579036658
23.52941176470588,19.90093471393849,0.1895063593729874
23.629536921151438,20.412789435148444,0.20044801349987787
23.729662077596995,20.921284265102305,0.2127032768438845
23.829787234042552,21.423661658220006,0.22642700391749757
23.92991239048811,21.91676202496633,0.24179255887363332
24.030037546933666,22.396983528435893,0.2589930761116564
24.130162703379224,22.86024491010201,0.27824235700452427
24.23028785982478,23.30195142103435,0.29977519927258695
24.330413016270338,23.716968758911023,0.32384689570363606
24.430538172715895,24.09960895353226,0.350731540619039
24.530663329161452,24.44363509548465,0.3807185483582066
24.63078848560701,24.742289695932747,0.41410726595865965
24.730913642052567,24.98836077317944,0.45119828730104883
24.831038798498124,25.17428617977698,0.4922820197305868
24.931163954943678,25.292317194851584,0.5376225475051616
25.031289111389235,25.334737982079595,0.5874378441936138
25.131414267834792,25.294155854293244,0.6418750655498122
25.23153942428035,25.163857815271417,0.7009822794437163
25.331664580725906,24.938220479485885,0.7646778176835048
25.431789737171464,24.61316759314667,0.8327187938988497
25.53191489361702,24.186625801990797,0.9046731589167156
25.632040050062578,23.658945219434404,0.9798985614207913
25.732165206508135,23.03323050492765,1.0575328266812687
25.832290362953692,22.315521430642594,1.1365005529751864
25.93241551939925,21.514779432191386,1.2155386278727833
26.032540675844807,20.64264988587511,1.2932416096556119
26.132665832290364,19.71299883263786,1.3681250674942325
26.23279098873592,18.74125344906362,1.4387019749952488
26.33291614518148,17.743618370433715,1.5035637082231734
26.433041301627032,16.736243862243914,1.561457595405144
26.53316645807259,15.734435818375314,1.6113523078362788
26.633291614518146,14.75199326339618,1.652483889655642
26.733416770963704,13.800722743642039,1.6843793633985864
26.83354192740926,12.890155649951492,1.7068574822145854
26.933667083854818,12.027463279011057,1.7200093969461339
27.033792240300375,11.217540945905734,1.7241640307309845
27.133917396745932,10.463218552898734,1.719843879718613
27.23404255319149,9.765550633682473,1.7077168646121286
27.334167709637047,9.12414283894189,1.6885489070793034
27.434292866082604,8.537479456481996,1.6631607422588077
27.53441802252816,8.003228961519767,1.632390860606514
27.63454317897372,7.51851166363142,1.5970656929118778
27.734668335419276,7.080119917396583,1.557977283033615
27.83479349186483,6.68469678073167,1.5158672519498464
27.934918648310386,6.328869763187748,1.4714167983006536
28.035043804755944,6.0093481438169345,1.4252413109763555
28.1351689612015,5.722990671373017,1.3778885967165382
28.235294117647058,5.466847843450209,1.329839892389037
28.335419274092615,5.238185682474621,1.2815127213987352
28.435544430538172,5.034495813299508,1.2332649837764782
28.53566958698373,4.853495294804243,1.1853998142595814
28.635794743429287,4.6931197167447465,1.1381707201694489
28.735919899874844,4.55151210133485,1.0917867672008887
28.8360450563204,4.427008956890405,1.0464176867881445
28.93617021276596,4.318125238676429,1.0021986488668027
29.036295369211516,4.22353907781645,0.9592346920893067
29.136420525657073,4.1420764722003875,0.917604842334488
29.236545682102626,4.072696989094212,0.8773657523876786
29.336670838548184,4.014480314602304,0.8385549846445102
29.43679599499374,3.9666136152975646,0.8011939690750972
29.536921151439298,3.928380490546161,0.7652905087940224
29.637046307884855,3.899150405976377,0.7308410950570576
29.737171464330412,3.878369752853641,0.6978328175288941
29.83729662077597,3.8655534119441874,0.6662450986581037
29.937421777221527,3.860277584839635,0.6360511452335178
30.037546933667084,3.862173158515119,0.6072192230333964
30.13767209011264,3.8709200886001804,0.5797137348624649
30.2377972465582,3.886242131859085,0.5534961556630277
30.337922403003756,3.907902611837612,0.5285258021436162
30.438047559449313,3.9357000847851746,0.5047605347208702
30.53817271589487,3.9694653282630625,0.4821572661208038
30.638297872340424,4.009057747904023,0.46067250140924565
30.73842302878598,4.054363040510017,0.4402626674085852
30.838548185231538,4.105290733847147,0.4208844778046356
30.938673341677095,4.16177180644598,0.40249520101812913
31.038798498122652,4.223757250538751,0.385052850693618
31.13892365456821,4.291216078494537,0.368516399329959
31.239048811013767,4.364133978819277,0.3528458899918254
31.339173967459324,4.442512147698738,0.33800255715536837
31.43929912390488,4.526365891192913,0.32394891447406987
31.53942428035044,4.615723816542097,0.3106488026817246
31.639549436795996,4.710626865787043,0.2980674450044926
31.739674593241553,4.8111273885179004,0.28617146744706173
31.83979974968711,4.917288583666501,0.2749289144249056
31.939924906132667,5.029183695915554,0.2643092548347185
32.040050062578224,5.146895438345337,0.2542833734934444
32.14017521902378,5.270515508037731,0.2448235649590759
32.24030037546934,5.400143938250275,0.23590351141105112
32.340425531914896,5.535888705941684,0.22749826468664636
32.44055068836045,5.677865274628837,0.21958422523152313
32.54067584480601,5.826196035799084,0.21213910915068815
32.64080100125157,5.981009989066577,0.2051419282873183
32.740926157697125,6.142442294145514,0.19857296343007702
32.841051314142675,6.310633710118445,0.1924137309305713
32.94117647058823,6.485730252594081,0.18664696313649473
33.04130162703379,6.6678827543689465,0.18125658582702484
33.141426783479346,6.857246255973636,0.17622769084794906
33.2415519399249,7.053979412504161,0.17154651708314342
33.34167709637046,7.258244167747439,0.16720044252251423
33.44180225281602,7.470205018259474,0.16317796106448312
33.541927409261575,7.690028078080474,0.1594686779635753
33.64205256570713,7.917880534794351,0.15606330842192123
33.74217772215269,8.153929977968149,0.15295367665328904
33.84230287859825,8.398343219594437,0.15013271572574394
33.942428035043804,8.651285027635945,0.14759449301153382
34.04255319148936,8.912917465169041,0.14533422065670737
34.14267834793492,9.183398315008738,0.14334828071190528
34.242803504380475,9.462879371152708,0.14163427177498575
34.34292866082603,9.751505147957827,0.14019104556165823
34.44305381727159,10.049410939396644,0.13901875833717817
34.54317897371715,10.356720279254258,0.1381189574967587
34.643304130162704,10.673543167834511,0.13749464215711987
34.74342928660826,10.999973086829739,0.13715036419933216
34.84355444305382,11.336083717479514,0.13709235583344923
34.943679599499376,11.68192613833018,0.13732863440422713
35.04380475594493,12.037524314293758,0.13786917960979397
35.14392991239049,12.402871174954248,0.13872609503317038
35.24405506883605,12.77792360261289,0.1399138106475707
35.344180225281605,13.162596636080092,0.14144932969346602
35.44430538172716,13.556757751849165,0.14335246882730998
35.54443053817272,13.960219071150995,0.14564619532256462
35.64455569461827,14.372730284337107,0.14835693345584808
35.744680851063826,14.793968777278375,0.15151499676016653
35.84480600750938,15.223530512889896,0.15515498956156348
35.94493116395494,15.660917814718882,0.1593163454746766
36.0450563204005,16.105527635827052,0.16404384642056055
36.145181476846055,16.556636504432788,0.16938828551328805
36.24530663329161,17.013385743084495,0.17540711637452347
36.34543178973717,17.47476299788717,0.18216525574927284
36.44555694618273,17.939584096570755,0.18973586285165073
36.545682102628284,18.406470738301532,0.19820127757357858
36.64580725907384,18.873828903329798,0.20765390549492985
36.7459324155194,19.339822807844584,0.21819724131258464
36.846057571964955,19.802350273556108,0.22994678717562997
36.94618272841051,20.259014151124006,0.2430310239841715
37.04630788485607,20.707096147831436,0.2575921962264304
37.14643304130163,21.143528810463255,0.27378695107670714
37.246558197747184,21.56487150878808,0.2917866492535523
37.34668335419274,21.967288969763445,0.31177717901128166
37.4468085106383,22.34653696049735,0.3339581723890086
37.546933667083856,22.69795751943677,0.35854120953542173
37.64705882352941,23.016487484804315,0.38574694479161864
37.74718397997497,23.296685796256767,0.4158005918734032
37.84730913642053,23.532784564519563,0.4489255790867206
37.947434292866085,23.718768782334845,0.4853349847713705
38.04755944931164,23.84849294657226,0.5252203566356866
38.1476846057572,23.915836771510495,0.568737772854861
38.247809762202756,23.91490407306176,0.6159913489299962
38.34793491864831,23.8402642930104,0.6670142319131316
38.44806007509386,23.6872357575579,0.7217478581359843
38.54818523153942,23.45218913026286,0.7800213109933152
38.64831038798498,23.132868822032705,0.8415316428256485
38.748435544430535,22.728692105130595,0.905828531601755
38.84856070087609,22.24100357130971,0.9723052727373839
38.94868585732165,21.67325047512252,1.0401989857853386
39.04881101376721,21.031043707951618,1.1086023250480799
39.148936170212764,20.32208348432239,1.1764876524599563
39.24906132665832,19.555939427949994,1.2427433810281854
39.34918648310388,18.743687594798146,1.3062209816733503
39.449311639549435,17.897435535753445,1.3657883060388127
39.54943679599499,17.02977926481534,1.4203843410703119
39.64956195244055,16.153230843268698,1.4690711674317314
39.74968710888611,15.27968878368596,1.5110764105832608
39.849812265331664,14.419985318271147,1.5458236095390656
39.94993742177722,13.583545197896177,1.5729481444969091
40.05006257822278,12.778175572704269,1.592298333043283
40.150187734668336,12.00998257559859,1.603923534861072
40.25031289111389,11.28340021169881,1.6080519004018416
40.35043804755945,10.601307596192841,1.6050612304642582
40.45056320400501,9.965207199959362,1.5954462985058984
40.550688360450565,9.375437461412425,1.5797856820382468
40.65081351689612,8.831395439401776,1.5587106231145065
40.75093867334168,8.331752273987291,1.5328774418463147
40.851063829787236,7.874651570584291,1.5029441746717467
40.95118898623279,7.45788031385747,1.4695521734689196
41.05131414267835,7.079010426149977,1.4333123179423974
41.15143929912391,6.735515318689023,1.3947951261784448
41.251564455569465,6.424856251580775,1.3545247824550393
41.351689612015015,6.144548581971918,1.3129758393815942
41.45181476846057,5.89220785124067,1.270572349939496
41.55193992490613,5.665579974893813,1.227688682496893
41.65206508135169,5.4625598912991755,1.184651555110722
41.752190237797244,5.281200375771295,1.1417429459823245
41.8523153942428,5.1197141592473905,1.099203439271904
41.95244055068836,4.976471274282901,1.0572358609111816
42.052565707133915,4.849992822757141,1.0160089972994133
42.15269086357947,4.73894290683897,0.9756611794307635
42.25281602002503,4.642119147913872,0.9363037913574824
42.35294117647059,4.5584426734945955,0.898024522488448
42.453066332916144,4.4869482179555416,0.8608903448645082
42.5531914893617,4.426774073493449,0.8249503210421891
42.65331664580726,4.377152926742197,0.7902380331547688
42.753441802252816,4.3374029083486905,0.7567738514054053
42.85356695869837,4.3069194906578065,0.7245669053097737
42.95369211514393,4.285168030648385,0.6936168321649044
43.05381727158949,4.271676817223892,0.6639153565695122
43.153942428035045,4.266031077500094,0.6354476024873698
43.2540675844806,4.267867165344826,0.6081933324190817
43.35419274092616,4.27686779637672,0.5821279215610888
43.454317897371716,4.2927573344803065,0.5572233029997093
43.55444305381727,4.315297934545686,0.5334486956341981
43.65456821026283,4.344285918230376,0.5107712912648651
43.75469336670839,4.379548469931146,0.4891568190059662
43.854818523153945,4.420941068763377,0.4685700052881499
43.9549436795995,4.468344529223293,0.44897503446029596
44.05506883604506,4.521663170049248,0.4303358337083912
44.15519399249061,4.580822592811355,0.4126164094972709
44.25531914893617,4.64576774658437,0.395781085229458
44.355444305381724,4.716461703480133,0.37979467348460877
44.45556946182728,4.792883894716072,0.3646226808685419
44.55569461827284,4.875028853244213,0.35023142454792616
44.655819774718395,4.962905312764645,0.3365881310325308
44.75594493116395,5.056534900575236,0.3236610436841894
44.85607008760951,5.1559512156838085,0.31141947903522754
44.95619524405507,5.261199173283058,0.29983387179806387
45.056320400500624,5.372334025235434,0.28887582222385916
45.15644555694618,5.489420617058877,0.27851811776697943
45.25657071339174,5.612532896875824,0.2687347460843043
45.356695869837296,5.741753147386154,0.25950090716358043
45.45682102628285,5.877171306412238,0.2507930142496721
45.55694618272841,6.018884589451228,0.24258869170389394
45.65707133917397,6.166996840188371,0.23486676839468698
45.757196495619525,6.321617808864822,0.22760726666387146
45.85732165206508,6.482862844938719,0.22079139717635124
45.95744680851064,6.650852267044465,0.21440154371248044
46.057571964956196,6.825710626152685,0.20842125042035187
46.15769712140175,7.007566169636933,0.20283521453034833
46.25782227784731,7.196550357339763,0.19762927881275602
46.35794743429287,7.392797112731304,0.19279041681427778
46.458072590738425,7.596441752198107,0.18830673361984282
46.55819774718398,7.807620612155257,0.18416746581697482
46.65832290362954,8.026470150182439,0.18036297927469197
46.7584480600751,8.25312579980044,0.1768847740393735
46.858573216520654,8.487720803292069,0.17372550431943243
46.95869837296621,8.73038552149015,0.17087898726773273
47.05882352941176,8.981245833020145,0.1683402256310061
47.15894868585732,9.24042154908211,0.16610544816741157
47.259073842302875,9.508025231724659,0.1641721377877072
47.35919899874843,9.784160273093619,0.16253907747301669
47.45932415519399,10.068918561368246,0.16120642341414163
47.55944931163955,10.36237888994023,0.16017575321203464
47.659574468085104,10.664604122069111,0.15945015413620794
47.75969962453066,10.975638271461253,0.15903432784051705
47.85982478097622,11.295503968298299,0.15893467720456197
47.959949937421776,11.624198365323586,0.15915945562024753
48.06007509386733,11.961689712158924,0.1597188980960691
48.16020025031289,12.30791292907835,0.1606253874689295
48.26032540675845,12.662764477287292,0.1618936582879832
48.360450563204004,13.026097523227056,0.1635409864405232
48.46057571964956,13.397715121803081,0.16558746425155038
48.56070087609512,13.777364275070129,0.16805624156348364
48.660826032540676,14.164727619712734,0.17097386479458876
48.76095118898623,14.5594156929715,0.1743705957082105
48.86107634543179,14.960957084916465,0.17828081506669327
48.96120150187735,15.368788487145876,0.18274343286662706
49.061326658322905,15.782242989860183,0.18780236571972722
49.16145181476846,16.200537709826687,0.19350703947980735
49.26157697121402,16.622759847558015,0.19991294662755607
49.361702127659576,17.04785184494902,0.207082228870147
49.461827284105134,17.474594966583748,0.21508430450563343
49.56195244055069,17.90159219090971,0.22399649611980074
49.66207759699625,18.327249454297434,0.23390468429567604
49.762202753441805,18.74975697494585,0.2449039057521782
49.862327909887355,19.167069057554194,0.2570989276535432
49.96245306633291,19.576885386846797,0.27060467698112595
50.06257822277847,19.976631689507272,0.28554652442078426
50.16270337922403,20.36344387254215,0.30206030514938903
50.262828535669584,20.734154065883462,0.3202919450815465
50.36295369211514,21.085282591181784,0.34039668215859376
50.4630788485607,21.41303692706181,0.36253747050600194
50.563204005006256,21.713319540231154,0.3868828130311806
50.66332916145181,21.981750794698904,0.4136031757166289
50.76345431789737,22.213704056039575,0.4428666678685623
50.86357947434293,22.404366806510552,0.47483256169647303
50.963704630788484,22.548815919430332,0.5096440978294162
51.06382978723404,22.642132042818766,0.547418343726704
51.1639549436796,22.679527047338155,0.5882356830659966
51.264080100125156,22.656514858451587,0.6321264797749954
51.36420525657071,22.569097189976937,0.6790575668935512
51.46433041301627,22.413976355466577,0.7289177621949342
51.56445556946183,22.18877697106816,0.7815042291148405
51.664580725907385,21.892262189108227,0.83651083552643
51.76470588235294,21.524533845293,0.8935198535178194
51.8648310387985,21.08718697682424,0.95199903026804
51.964956195244056,20.58340486296902,1.0113051774134012
52.065081351689614,20.01797374383536,1.0706956698580437
52.16520650813517,19.397204295404002,1.129348101663168
52.26533166458073,18.728758668889416,1.1863874615257084
52.365456821026285,18.021387109961328,1.2409196740935544
52.46558197747184,17.284589797086493,1.2920691261387012
52.5657071339174,16.528242652464073,1.3390160470700698
52.66583229036296,15.762197460200202,1.3810324716368039
52.76595744680851,14.995911916197358,1.4175116200644275
52.866082603254064,14.238124917701457,1.4479896659985299
52.96620775969962,13.496600687433673,1.4721581614368802
53.06633291614518,12.777958257039106,1.4898666558453637
53.166458072590736,12.087583484656788,1.501116531747081
53.26658322903629,11.429618587784415,1.5060474929373402
53.36670838548185,10.80701649097718,1.5049186507485948
53.46683354192741,10.221643516273684,1.4980864448205986
53.566958698372964,9.67441315263046,1.4859814134801264
53.66708385481852,9.165435293580774,1.4690855032089374
53.76720901126408,8.694169721544233,1.4479109784210829
53.867334167709636,8.259571639518459,1.4229821087918866
53.96745932415519,7.860223087998133,1.3948199318095151
54.06758448060075,7.494450556265703,1.3639298253023027
54.16770963704631,7.160420071395755,1.330792519712227
54.267834793491865,6.856217309668427,1.295857465211726
54.36795994993742,6.579909391178197,1.2595387423757676
54.46808510638298,6.329591588912577,1.2222128335051892
54.568210262828536,6.103422427002836,1.1842179414453633
54.668335419274094,5.899646856944381,1.1458545221220708
54.76846057571965,5.716612051386352,1.1073866298539503
54.86858573216521,5.552775983283952,1.0690439352477716
54.968710888610765,5.406711150299939,1.031024041314569
55.06883604505632,5.277104635536599,0.9934950912890793
55.16896120150188,5.16275530140508,0.9565984191884196
55.26908635794744,5.062569441180517,0.9204511661659094
55.369211514392994,4.975554939318032,0.8851488966597917
55.46933667083855,4.900815068805993,0.8507679756805483
55.5694618272841,4.837541739975805,0.8173678901456617
55.66958698372966,4.785008827740699,0.7849933333671022
55.769712140175216,4.742565677048707,0.7536761214658025
55.86983729662077,4.709630678185642,0.7234369715400117
55.96996245306633,4.685685538966859,0.6942870209463479
56.07008760951189,4.670269478937626,0.6662292979328737
56.170212765957444,4.662974395810254,0.6392599016170666
56.270337922403,4.663439829353827,0.6133691845622202
56.37046307884856,4.67134898214725,0.5885426557651473
56.470588235294116,4.686424465163187,0.5647619118233996
56.57071339173967,4.708425047154062,0.542005320842248
56.67083854818523,4.737142185040515,0.5202487337354074
56.77096370463079,4.772397258779634,0.4994660150220994
56.871088861076345,4.814038965943278,0.47962954672292013
56.9712140175219,4.861940763142032,0.46071067168543844
57.07133917396746,4.9159990768065835,0.4426800133110969
57.171464330413016,4.976131001468763,0.42550784510085105
57.27158948685857,5.042272820933159,0.4091643096817447
57.37171464330413,5.114378504884012,0.3936196531370674
57.47183979974969,5.192417936619141,0.37884444842776926
57.571964956195245,5.276375991461632,0.3648097082199574
57.6720901126408,5.366251370926205,0.351487032723282
57.77221526908636,5.462055156283053,0.33884874495287665
57.87234042553192,5.563810179848452,0.3268679470766647
57.972465581977474,5.671550154257784,0.3155185988937792
58.07259073842303,5.785318607320563,0.30477558767271673
58.17271589486859,5.905168041594019,0.29461477579333084
58.272841051314145,6.031159532765119,0.2850130183104048
58.3729662077597,6.1633618730121515,0.2759481999914036
58.47309136420525,6.301850629112073,0.2673992594506168
58.57321652065081,6.4467076883239605,0.2593462017960679
58.67334167709637,6.5980207129465684,0.25177010389256804
58.773466833541924,6.755882377363474,0.24465312146884213
58.87359198998748,6.92038938460805,0.2379784990157676
58.97371714643304,7.091642147970573,0.23173057284213092
59.073842302878596,7.2697440536756845,0.22589477054838722
59.17396745932415,7.454800655875994,0.22045761069659717
59.27409261576971,7.646918468209527,0.21540671653170965
59.37421777221527,7.846204657947675,0.2107308186460967
59.474342928660825,8.05276603916299,0.20641975919429448
59.57446808510638,8.266707830171095,0.20246450455763776
59.67459324155194,8.488132519021343,0.19885716769013373
59.774718397997496,8.717139067334154,0.19559101960403055
59.87484355444305,8.953821327334047,0.1926605149195778
59.97496871088861,9.198266445765926,0.19006133149645169
60.07509386733417,9.450553683242365,0.18779039738632122
60.175219023779725,9.71075244936531,0.18584593755554155
60.27534418022528,9.978920106644795,0.18422753918515128
60.37546933667084,10.25510037678301,0.18293619666411892
60.4755944931164,10.539320524946957,0.18197439569023724
60.575719649561954,10.831588710905072,0.18134620227736994
60.67584480600751,11.131891466192952,0.1810573437017616
60.77596996245307,11.440189820268515,0.1811153419856499
60.876095118898625,11.75641619804167,0.1815296245275848
60.97622027534418,12.0804701927905,0.18231167323948594
61.07634543178974,12.412213928222588,0.18347519705630796
61.1764705882353,12.751467601542121,0.18503629518566067
61.27659574468085,13.098003315281588,0.1870136895990461
61.376720901126404,13.451539800399196,0.18942892436763037
61.47684605757196,13.811734989812825,0.19230664718240678
61.57697121401752,14.17817926447519,0.19567486724564442
61.677096370463076,14.550386920046549,0.19956527807958985
61.77722152690863,14.927787569025034,0.20401358295170186
61.87734668335419,15.309716346169457,0.20905985983558822
61.97747183979975,15.695403419003037,0.21474894700502675
62.077596996245305,16.083962706124844,0.22113084819494466
62.17772215269086,16.47437962941872,0.22826115704657515
62.27784730913642,16.865498327109474,0.23620148325119525
62.377972465581976,17.256008000435223,0.24501987442374767
62.47809762202753,17.644428983863758,0.2547912143523594
62.57822277847309,18.029098498114603,0.2655975650921608
62.67834793491865,18.408156569952045,0.27752844061493
62.778473091364205,18.779532764402425,0.29068093694924674
62.87859824780976,19.14093396213858,0.30515970959296285
62.97872340425532,19.48983477559461,0.321076683601827
63.07884856070088,19.823470766416705,0.3385504536866338
63.178973717146434,20.138836720090605,0.3577052732776131
63.27909887359199,20.432691054689137,0.3786694599777114
63.37922403003755,20.70156784609196,0.4015732653097263
63.479349186483105,20.94180056833617,0.42654574469111
63.57947434292866,21.149555366612248,0.4537110469196731
63.67959949937422,21.320883882192536,0.4831831857939929
63.77972465581978,21.45178589979256,0.5150603381566112
63.879849812265334,21.538299785663035,0.5494172009751415
63.97997496871089,21.576600882582884,0.5862971684162976
64.08010012515645,21.56313143735707,0.6257026460013624
64.180225281602,21.494733865658286,0.6675857296594657
64.28035043804756,21.368809578078544,0.7118379412130056
64.38047559449312,21.1834716543418,0.7582813204801444
64.48060075093868,20.93770314965459,0.8066604690183785
64.58072590738423,20.631494921250983,0.8566373882013821
64.68085106382979,20.265957650726943,0.9077896447519328
64.78097622027535,19.843393509277263,0.9596130572968233
64.8811013767209,19.36731424142048,1.011529437832059
64.98122653316646,18.842400038037567,1.062899627867763
65.08135168961202,18.274392110749666,1.1130419835718028
65.18147684605758,17.669925189054513,1.1612549240487635
65.28160200250313,17.03631071633998,1.2068422129309642
65.38172715894869,16.381271382117443,1.24914042459495
65.48185231539425,15.712674749570962,1.2875438529896688
65.58197747183979,15.038252083016797,1.3215280823491269
65.68210262828535,14.365350311742917,1.3506679508361357
65.7822277847309,13.700719084174521,1.3746500529307117
65.88235294117646,13.050346695456684,1.3932788332377435
65.98247809762202,12.419353924393231,1.4064762706306124
66.08260325406758,11.81194164910794,1.4142759697509195
66.18272841051314,11.231388712083836,1.4168126166104078
66.28285356695869,10.680092050270652,1.41430805971838
66.38297872340425,10.159637859647567,1.407055523631186
66.4831038798498,9.670893559388446,1.3954031071277813
66.58322903629536,9.21411177254984,1.3797375226191932
66.68335419274092,8.789037011673095,1.3604690786330753
66.78347934918648,8.395007981168748,1.3380184700971072
66.88360450563204,8.031054396487967,1.3128052962128827
66.9837296620776,7.695981009461561,1.2852389923790102
67.08385481852315,7.3884406606838935,1.255711654334603
67.18397997496871,7.106996293455658,1.2245927504256506
67.28410513141426,6.850168957926053,1.1922256477910778
67.38423028785982,6.616478327400745,1.1589253985652401
67.48435544430538,6.404471149069935,1.1249778406536182
67.58448060075094,6.212744064341165,1.090639521975456
67.6846057571965,6.039958351573206,1.0561384120933022
67.78473091364205,5.884850313656263,1.0216750574308209
67.88485607008761,5.746237027276078,0.9874241809766728
67.98498122653316,5.623019011683206,0.9535364093385374
68.08510638297872,5.51418048090595,0.9201402252888726
68.18523153942428,5.418787713142291,0.8873438829772297
68.28535669586984,5.335986321273452,0.855237349058989
68.3854818523154,5.264997482734014,0.8238941884089502
68.48560700876095,5.205113910061575,0.7933733103144035
68.58573216520651,5.155695215029167,0.7637206978329548
68.68585732165207,5.116163576680917,0.7349708945454311
68.78598247809762,5.08599900195388,0.7071485051620422
68.88610763454318,5.064735185706137,0.6802694284968444
68.98623279098874,5.051955080332853,0.6543421074529342
69.0863579474343,5.047287187779518,0.6293685274703714
69.18648310387985,5.050401592852735,0.605345236065632
69.28660826032541,5.061006799129255,0.5822641271263679
69.38673341677097,5.078846243373064,0.5601132659608746
69.48685857321652,5.103695679979783,0.5388774880716164
69.58698372966208,5.1353601906842075,0.5185390554702991
69.68710888610764,5.1736719691990345,0.49907811987943035
69.7872340425532,5.2184879467831875,0.48047320912881
69.88735919899875,5.269687719124533,0.46270161792157083
69.98748435544431,5.327171860794053,0.44573972781278975
70.08760951188987,5.390859913855686,0.4295633523121917
70.18773466833542,5.460689123000347,0.4141479449649875
70.28785982478098,5.536612920021515,0.3994688427962251
70.38798498122654,5.618599425780043,0.3855014751457871
70.4881101376721,5.7066305698201045,0.37222148474964334
70.58823529411765,5.800700823029793,0.3596048895553072
70.68836045056321,5.900815982247439,0.3476282143955632
70.78848560700877,6.006992537185998,0.33626855482530205
70.88861076345432,6.11925673039605,0.325503669310033
70.98873591989988,6.237643304147982,0.31531207373211734
71.08886107634544,6.362195064813023,0.30567307321219384
71.188986232791,6.492962094737623,0.29656680846089745
71.28911138923654,6.630000991306078,0.2879742952705829
71.3892365456821,6.773373573955648,0.2798774796880838
71.48936170212765,6.923146708840985,0.2722592460245377
71.58948685857321,7.07939158674643,0.26510343373737916
71.68961201501877,7.242182690060219,0.25839486362719566
71.78973717146432,7.4115967782288585,0.2521193627903998
71.88986232790988,7.5877124188177705,0.2462637752538635
71.98998748435544,7.770609160573299,0.24081597283006345
72.090112640801,7.960366375419247,0.235764873742145
72.19023779724655,8.157062134917657,0.23110046713981588
72.29036295369211,8.360772582938665,0.22681382391799618
72.39048811013767,8.571570621774697,0.22289711645427032
72.49061326658322,8.789524329256514,0.21934365515201554
72.59073842302878,9.014696046886577,0.2161479094906083
72.69086357947434,9.24714090262128,0.21330553774536487
72.7909887359199,9.486904835891213,0.2108134365442906
72.89111389236545,9.734023064083313,0.20866978339858788
72.99123904881101,9.988518351129663,0.20687408051635928
73.09136420525657,10.250398399476614,0.20542722967446259
73.19148936170212,10.51965386008199,0.2043315933343668
73.29161451814768,10.796255795420736,0.2035910692770897
73.39173967459324,11.080152392847337,0.2032111964833164
73.4918648310388,11.371266410343987,0.20319923797112152
73.59198998748435,11.66949134005929,0.2035643060831161
73.69211514392991,11.974687649659085,0.20431749148207712
73.79224030037547,12.286678911933356,0.20547199348915107
73.89236545682103,12.60524665386466,0.2070432992233671
73.99249061326658,12.930126035132645,0.20904933368028408
74.09261576971214,13.260999661833045,0.21151067528090245
74.1927409261577,13.597492106937421,0.21445074796544816
74.29286608260325,13.939163047652949,0.21789605876432794
74.39299123904881,14.285500264595655,0.2218764395292861
74.49311639549437,14.635912034833584,0.22642530466652647
74.59324155193993,14.989718641335145,0.23157993267706092
74.69336670838548,15.346143918191201,0.2373817390682504
74.79349186483104,15.704305399411139,0.2438765786286484
74.8936170212766,16.063205057995244,0.25111501646736156
74.99374217772215,16.421718464402158,0.25915261414374025
75.09386733416771,16.778584995645918,0.2680501628628981
75.19399249061327,17.132396730852218,0.27787388984152506
75.29411764705883,17.481588839842562,0.2886955868999282
75.39424280350438,17.82442948482846,0.30059263402034675
75.49436795994994,18.159011753690216,0.3136479122187917
75.5944931163955,18.483246650622167,0.3279494859422503
75.69461827284105,18.794858847019587,0.3435901307553969
75.79474342928661,19.09138594689407,0.36066644703584133
75.89486858573217,19.370181470817684,0.3792777663610133
75.99499374217773,19.628424891647327,0.39952439653710525
76.09511889862328,19.86313644259737,0.421505616951674
76.19524405506884,20.071203682055756,0.44531670534677886
76.2953692115144,20.24941340260703,0.4710457364697035
76.39549436795996,20.39450105516568,0.4987690734627397
76.49561952440551,20.503204560205038,0.5285467962293184
76.59574468085107,20.572341165235244,0.5604165853821508
76.69586983729663,20.598885960746845,0.5943878551693788
76.79599499374218,20.58007449821707,0.6304345447508797
76.89612015018773,20.513504042251228,0.6684885196109099
76.99624530663328,20.39725048127848,0.7084325708711229
77.09637046307884,20.22998009957259,0.7500945287963814
77.1964956195244,20.011058922275474,0.7932424787597996
77.29662077596996,19.740648923690124,0.8375819872175876
77.39674593241551,19.419781144925718,0.882755882850622
77.49687108886107,19.050400894523165,0.9283471821545716
77.59699624530663,18.635374658957442,0.9738855390364167
77.69712140175218,18.178456688009828,1.018857149281019
77.79724655819774,17.68421008550874,1.0627183664718722
77.8973717146433,17.157887610457056,1.1049118936317637
77.99749687108886,16.605278534931887,1.1448848133957727
78.09762202753441,16.03252118364681,1.1821081376584874
78.19774718397997,15.445913948550732,1.2160946337774656
78.29787234042553,14.851711056717502,1.2464161103360467
78.39799749687108,14.255940715827668,1.272716857257687
78.49812265331664,13.664240427305254,1.2947237819547426
78.5982478097622,13.081725304394789,1.3122521116630197
78.69837296620776,12.512893518519443,1.325206777354147
78.79849812265331,11.961568108007432,1.3335797715072624
78.89862327909887,11.43087570425543,1.3374439461207155
78.99874843554443,10.923256647068484,1.3369441808184195
79.09887359198999,10.44050047978844,1.332286704372505
79.19899874843554,9.98380130167888,1.3237273077164728
79.2991239048811,9.553825041492836,1.311559467837166
79.39924906132666,9.150782888650884,1.2961028871680051
79.49937421777221,8.774507568266586,1.2776927456370288
79.59949937421777,8.424525685246072,1.256670400091168
79.69962453066333,8.100125184268286,1.2333753714050462
79.79974968710889,7.800417434887573,1.2081386642167817
79.89987484355444,7.524388229032628,1.1812777952834315
80.0,7.270944830959114,1.153092756721816
