episode,reward,steps,eval_reward,outcome,prey_population,predator_population,avg_prey_energy,avg_predator_energy,coexistence_score
1,-2.199999999999997,350,0.0,PREY_WIN,1,0,97.1799999999999,0.0,0.0
2,-2.1699999999999977,350,0.0,PREY_WIN,1,0,98.91999999999996,0.0,0.0
3,-2.2199999999999966,350,0.0,PREY_WIN,1,0,96.00999999999985,0.0,0.0
4,-2.209999999999997,350,0.0,PREY_WIN,1,0,99.45999999999998,0.0,0.0
5,-2.289999999999995,350,0.0,PREY_WIN,1,0,94.23999999999978,0.0,0.0
6,-2.239999999999996,350,0.0,PREY_WIN,1,0,99.18999999999997,0.0,0.0
7,-2.2299999999999964,350,0.0,PREY_WIN,1,0,97.05999999999989,0.0,0.0
8,-2.339999999999994,350,0.0,PREY_WIN,1,0,88.20999999999955,0.0,0.0
9,-2.209999999999997,350,0.0,PREY_WIN,1,0,98.64999999999995,0.0,0.0
10,-2.3599999999999937,350,0.0,PREY_WIN,1,0,99.72999999999999,0.0,0.0
11,-2.2699999999999956,350,0.0,PREY_WIN,1,0,98.64999999999995,0.0,0.0
12,-2.289999999999995,350,0.0,PREY_WIN,1,0,99.18999999999997,0.0,0.0
13,-2.2199999999999966,350,0.0,PREY_WIN,1,0,96.21999999999986,0.0,0.0
14,-2.2699999999999956,350,0.0,PREY_WIN,1,0,95.16999999999982,0.0,0.0
15,-2.1899999999999973,350,0.0,PREY_WIN,1,0,96.96999999999989,0.0,0.0
16,-2.259999999999996,350,0.0,PREY_WIN,1,0,98.79999999999995,0.0,0.0
17,-2.5199999999999902,350,0.0,PREY_WIN,1,0,98.79999999999995,0.0,0.0
18,-2.3099999999999947,350,0.0,PREY_WIN,1,0,96.63999999999987,0.0,0.0
19,-2.239999999999996,350,0.0,PREY_WIN,1,0,93.51999999999975,0.0,0.0
20,-2.1899999999999973,350,0.0,PREY_WIN,1,0,98.91999999999996,0.0,0.0
21,-2.439999999999992,350,0.0,PREY_WIN,1,0,99.72999999999999,0.0,0.0
22,-2.1899999999999973,350,0.0,PREY_WIN,1,0,94.20999999999978,0.0,0.0
23,-2.1799999999999975,350,0.0,PREY_WIN,1,0,95.76999999999984,0.0,0.0
24,-2.199999999999997,350,0.0,PREY_WIN,1,0,96.24999999999986,0.0,0.0
25,-2.239999999999996,350,0.0,PREY_WIN,1,0,97.71999999999991,0.0,0.0
26,-2.159999999999998,350,0.0,PREY_WIN,1,0,98.10999999999993,0.0,0.0
27,-2.159999999999998,350,0.0,PREY_WIN,1,0,99.72999999999999,0.0,0.0
28,-2.4599999999999915,350,0.0,PREY_WIN,1,0,99.18999999999997,0.0,0.0
29,-2.2699999999999956,350,0.0,PREY_WIN,1,0,100.0,0.0,0.0
30,-2.209999999999997,350,0.0,PREY_WIN,1,0,100.0,0.0,0.0
31,-2.249999999999996,350,0.0,PREY_WIN,1,0,98.91999999999996,0.0,0.0
32,-2.209999999999997,350,0.0,PREY_WIN,1,0,99.18999999999997,0.0,0.0
33,-2.2699999999999956,350,0.0,PREY_WIN,1,0,98.91999999999996,0.0,0.0
34,-2.2199999999999966,350,0.0,PREY_WIN,1,0,95.31999999999982,0.0,0.0
35,-2.3199999999999945,350,0.0,PREY_WIN,1,0,96.51999999999987,0.0,0.0
36,-2.1899999999999973,350,0.0,PREY_WIN,1,0,100.0,0.0,0.0
37,-2.239999999999996,350,0.0,PREY_WIN,1,0,98.91999999999996,0.0,0.0
38,-2.1799999999999975,350,0.0,PREY_WIN,1,0,98.28999999999994,0.0,0.0
39,-2.289999999999995,350,0.0,PREY_WIN,1,0,94.35999999999979,0.0,0.0
40,-2.259999999999996,350,0.0,PREY_WIN,1,0,99.33999999999997,0.0,0.0
41,-2.1899999999999973,350,0.0,PREY_WIN,1,0,98.67999999999995,0.0,0.0
42,-2.239999999999996,350,0.0,PREY_WIN,1,0,100.0,0.0,0.0
43,-2.389999999999993,350,0.0,PREY_WIN,1,0,96.66999999999987,0.0,0.0
44,-2.239999999999996,350,0.0,PREY_WIN,1,0,94.7799999999998,0.0,0.0
45,-2.199999999999997,350,0.0,PREY_WIN,1,0,98.37999999999994,0.0,0.0
46,-2.239999999999996,350,0.0,PREY_WIN,1,0,98.37999999999994,0.0,0.0
47,-2.209999999999997,350,0.0,PREY_WIN,1,0,99.18999999999997,0.0,0.0
48,-2.1199999999999988,350,0.0,PREY_WIN,1,0,100.0,0.0,0.0
49,-2.1699999999999977,350,0.0,PREY_WIN,1,0,96.75999999999988,0.0,0.0
50,-2.349999999999994,350,0.0,PREY_WIN,1,0,95.43999999999983,0.0,0.0
51,-2.209999999999997,350,0.0,PREY_WIN,1,0,99.18999999999997,0.0,0.0
52,-2.3599999999999937,350,0.0,PREY_WIN,1,0,95.43999999999983,0.0,0.0
53,-2.259999999999996,350,0.0,PREY_WIN,1,0,99.72999999999999,0.0,0.0
54,-2.2799999999999954,350,0.0,PREY_WIN,1,0,99.18999999999997,0.0,0.0
55,-2.289999999999995,350,0.0,PREY_WIN,1,0,100.0,0.0,0.0
56,-2.159999999999998,350,0.0,PREY_WIN,1,0,98.25999999999993,0.0,0.0
57,-2.259999999999996,350,0.0,PREY_WIN,1,0,99.18999999999997,0.0,0.0
58,-2.3099999999999947,350,0.0,PREY_WIN,1,0,99.45999999999998,0.0,0.0
59,-2.239999999999996,350,0.0,PREY_WIN,1,0,99.72999999999999,0.0,0.0
60,-2.249999999999996,350,0.0,PREY_WIN,1,0,100.0,0.0,0.0
61,-2.159999999999998,350,0.0,PREY_WIN,1,0,99.72999999999999,0.0,0.0
62,-2.2199999999999966,350,0.0,PREY_WIN,1,0,96.90999999999988,0.0,0.0
63,-2.109999999999999,350,0.0,PREY_WIN,1,0,100.0,0.0,0.0
64,-2.149999999999998,350,0.0,PREY_WIN,1,0,99.72999999999999,0.0,0.0
65,-2.259999999999996,350,0.0,PREY_WIN,1,0,100.0,0.0,0.0
66,-2.289999999999995,350,0.0,PREY_WIN,1,0,98.91999999999996,0.0,0.0
67,-2.259999999999996,350,0.0,PREY_WIN,1,0,100.0,0.0,0.0
68,-2.2699999999999956,350,0.0,PREY_WIN,1,0,100.0,0.0,0.0
69,-2.289999999999995,350,0.0,PREY_WIN,1,0,98.91999999999996,0.0,0.0
70,-2.4099999999999926,350,0.0,PREY_WIN,1,0,99.45999999999998,0.0,0.0
71,-2.2699999999999956,350,0.0,PREY_WIN,1,0,99.18999999999997,0.0,0.0
72,-2.2799999999999954,350,0.0,PREY_WIN,1,0,97.1799999999999,0.0,0.0
73,-2.199999999999997,350,0.0,PREY_WIN,1,0,98.37999999999994,0.0,0.0
74,-2.299999999999995,350,0.0,PREY_WIN,1,0,96.78999999999988,0.0,0.0
75,-2.259999999999996,350,0.0,PREY_WIN,1,0,100.0,0.0,0.0
76,-2.3099999999999947,350,0.0,PREY_WIN,1,0,97.98999999999992,0.0,0.0
77,-2.1899999999999973,350,0.0,PREY_WIN,1,0,98.91999999999996,0.0,0.0
78,-2.3199999999999945,350,0.0,PREY_WIN,1,0,99.33999999999997,0.0,0.0
79,-2.489999999999991,350,0.0,PREY_WIN,1,0,100.0,0.0,0.0
80,-2.259999999999996,350,0.0,PREY_WIN,1,0,98.94999999999996,0.0,0.0
81,-2.429999999999992,350,0.0,PREY_WIN,1,0,98.37999999999994,0.0,0.0
82,-2.439999999999992,350,0.0,PREY_WIN,1,0,98.13999999999993,0.0,0.0
83,-2.1299999999999986,350,0.0,PREY_WIN,1,0,98.79999999999995,0.0,0.0
84,29.187499999999968,204,0.0,PREDATOR_WIN,0,1,0.0,30.14750000000023,0.0
85,-2.149999999999998,350,0.0,PREY_WIN,1,0,99.72999999999999,0.0,0.0
86,-2.209999999999997,350,0.0,PREY_WIN,1,0,98.37999999999994,0.0,0.0
87,-2.349999999999994,350,0.0,PREY_WIN,1,0,99.60999999999999,0.0,0.0
88,-2.249999999999996,350,0.0,PREY_WIN,1,0,99.72999999999999,0.0,0.0
89,-2.149999999999998,350,0.0,PREY_WIN,1,0,100.0,0.0,0.0
90,-2.249999999999996,350,0.0,PREY_WIN,1,0,100.0,0.0,0.0
91,-2.149999999999998,350,0.0,PREY_WIN,1,0,98.91999999999996,0.0,0.0
92,-2.209999999999997,350,0.0,PREY_WIN,1,0,99.45999999999998,0.0,0.0
93,-2.239999999999996,350,0.0,PREY_WIN,1,0,99.72999999999999,0.0,0.0
94,-2.289999999999995,350,0.0,PREY_WIN,1,0,99.72999999999999,0.0,0.0
95,-2.209999999999997,350,0.0,PREY_WIN,1,0,99.72999999999999,0.0,0.0
96,-2.239999999999996,350,0.0,PREY_WIN,1,0,99.72999999999999,0.0,0.0
97,-2.2699999999999956,350,0.0,PREY_WIN,1,0,98.37999999999994,0.0,0.0
98,-2.239999999999996,350,0.0,PREY_WIN,1,0,99.45999999999998,0.0,0.0
99,-2.259999999999996,350,0.0,PREY_WIN,1,0,95.28999999999982,0.0,0.0
100,-2.299999999999995,350,0.0,PREY_WIN,1,0,99.18999999999997,0.0,0.0
101,-2.199999999999997,350,0.0,PREY_WIN,1,0,98.37999999999994,0.0,0.0
102,-2.159999999999998,350,0.0,PREY_WIN,1,0,99.88,0.0,0.0
103,-2.3699999999999934,350,0.0,PREY_WIN,1,0,98.67999999999995,0.0,0.0
104,-2.159999999999998,350,0.0,PREY_WIN,1,0,99.33999999999997,0.0,0.0
105,-2.2799999999999954,350,0.0,PREY_WIN,1,0,99.72999999999999,0.0,0.0
106,-2.199999999999997,350,0.0,PREY_WIN,1,0,100.0,0.0,0.0
107,-2.259999999999996,350,0.0,PREY_WIN,1,0,100.0,0.0,0.0
108,-2.239999999999996,350,0.0,PREY_WIN,1,0,98.64999999999995,0.0,0.0
109,-2.2199999999999966,350,0.0,PREY_WIN,1,0,99.72999999999999,0.0,0.0
110,-2.2299999999999964,350,0.0,PREY_WIN,1,0,98.10999999999993,0.0,0.0
111,-2.1899999999999973,350,0.0,PREY_WIN,1,0,100.0,0.0,0.0
112,30.31249999999997,102,0.0,PREDATOR_WIN,0,1,0.0,70.3925000000001,0.0
113,-2.3099999999999947,350,0.0,PREY_WIN,1,0,99.75999999999999,0.0,0.0
114,-2.2299999999999964,350,0.0,PREY_WIN,1,0,99.33999999999997,0.0,0.0
115,-2.1899999999999973,350,0.0,PREY_WIN,1,0,98.91999999999996,0.0,0.0
116,-2.2699999999999956,350,0.0,PREY_WIN,1,0,100.0,0.0,0.0
117,-2.209999999999997,350,0.0,PREY_WIN,1,0,97.98999999999992,0.0,0.0
118,-2.249999999999996,350,0.0,PREY_WIN,1,0,99.18999999999997,0.0,0.0
119,-2.209999999999997,350,0.0,PREY_WIN,1,0,99.18999999999997,0.0,0.0
120,-2.259999999999996,350,0.0,PREY_WIN,1,0,100.0,0.0,0.0
121,-2.3199999999999945,350,0.0,PREY_WIN,1,0,98.25999999999993,0.0,0.0
122,-2.239999999999996,350,0.0,PREY_WIN,1,0,99.18999999999997,0.0,0.0
123,-2.289999999999995,350,0.0,PREY_WIN,1,0,100.0,0.0,0.0
124,-2.3599999999999937,350,0.0,PREY_WIN,1,0,99.33999999999997,0.0,0.0
125,-2.239999999999996,350,0.0,PREY_WIN,1,0,98.52999999999994,0.0,0.0
126,-2.339999999999994,350,0.0,PREY_WIN,1,0,99.18999999999997,0.0,0.0
127,-2.159999999999998,350,0.0,PREY_WIN,1,0,99.06999999999996,0.0,0.0
128,-2.259999999999996,350,0.0,PREY_WIN,1,0,100.0,0.0,0.0
129,-2.2299999999999964,350,0.0,PREY_WIN,1,0,98.64999999999995,0.0,0.0
130,-2.2299999999999964,350,0.0,PREY_WIN,1,0,100.0,0.0,0.0
131,-2.1699999999999977,350,0.0,PREY_WIN,1,0,99.18999999999997,0.0,0.0
132,-2.209999999999997,350,0.0,PREY_WIN,1,0,99.09999999999997,0.0,0.0
133,-2.429999999999992,350,0.0,PREY_WIN,1,0,99.72999999999999,0.0,0.0
134,-2.2199999999999966,350,0.0,PREY_WIN,1,0,99.72999999999999,0.0,0.0
135,-2.489999999999991,350,0.0,PREY_WIN,1,0,100.0,0.0,0.0
136,-2.399999999999993,350,0.0,PREY_WIN,1,0,99.21999999999997,0.0,0.0
137,-2.209999999999997,350,0.0,PREY_WIN,1,0,99.18999999999997,0.0,0.0
138,-2.389999999999993,350,0.0,PREY_WIN,1,0,99.18999999999997,0.0,0.0
139,-2.239999999999996,350,0.0,PREY_WIN,1,0,99.72999999999999,0.0,0.0
140,-2.2199999999999966,350,0.0,PREY_WIN,1,0,100.0,0.0,0.0
141,-2.3199999999999945,350,0.0,PREY_WIN,1,0,99.72999999999999,0.0,0.0
142,-2.209999999999997,350,0.0,PREY_WIN,1,0,99.72999999999999,0.0,0.0
143,-2.259999999999996,350,0.0,PREY_WIN,1,0,99.72999999999999,0.0,0.0
144,-2.2799999999999954,350,0.0,PREY_WIN,1,0,98.91999999999996,0.0,0.0
145,-2.159999999999998,350,0.0,PREY_WIN,1,0,99.88,0.0,0.0
146,-2.3199999999999945,350,0.0,PREY_WIN,1,0,99.72999999999999,0.0,0.0
147,-2.239999999999996,350,0.0,PREY_WIN,1,0,100.0,0.0,0.0
148,-2.3599999999999937,350,0.0,PREY_WIN,1,0,100.0,0.0,0.0
149,-2.249999999999996,350,0.0,PREY_WIN,1,0,98.52999999999994,0.0,0.0
150,-2.239999999999996,350,0.0,PREY_WIN,1,0,99.88,0.0,0.0
151,-2.289999999999995,350,0.0,PREY_WIN,1,0,99.45999999999998,0.0,0.0
152,-2.3299999999999943,350,0.0,PREY_WIN,1,0,97.77999999999992,0.0,0.0
153,-2.399999999999993,350,0.0,PREY_WIN,1,0,98.91999999999996,0.0,0.0
154,-2.1799999999999975,350,0.0,PREY_WIN,1,0,99.06999999999996,0.0,0.0
155,-2.239999999999996,350,0.0,PREY_WIN,1,0,99.72999999999999,0.0,0.0
156,-2.239999999999996,350,0.0,PREY_WIN,1,0,99.88,0.0,0.0
157,-2.1899999999999973,350,0.0,PREY_WIN,1,0,100.0,0.0,0.0
158,-2.289999999999995,350,0.0,PREY_WIN,1,0,99.18999999999997,0.0,0.0
159,-2.159999999999998,350,0.0,PREY_WIN,1,0,100.0,0.0,0.0
160,-2.289999999999995,350,0.0,PREY_WIN,1,0,100.0,0.0,0.0
161,-2.1899999999999973,350,0.0,PREY_WIN,1,0,99.45999999999998,0.0,0.0
162,-2.3099999999999947,350,0.0,PREY_WIN,1,0,99.60999999999999,0.0,0.0
163,-2.339999999999994,350,0.0,PREY_WIN,1,0,100.0,0.0,0.0
164,-2.209999999999997,350,0.0,PREY_WIN,1,0,100.0,0.0,0.0
165,-2.3599999999999937,350,0.0,PREY_WIN,1,0,99.72999999999999,0.0,0.0
166,-2.1899999999999973,350,0.0,PREY_WIN,1,0,99.48999999999998,0.0,0.0
167,-2.2699999999999956,350,0.0,PREY_WIN,1,0,99.09999999999997,0.0,0.0
168,-2.1899999999999973,350,0.0,PREY_WIN,1,0,97.2999999999999,0.0,0.0
169,-2.3099999999999947,350,0.0,PREY_WIN,1,0,99.45999999999998,0.0,0.0
170,-2.2799999999999954,350,0.0,PREY_WIN,1,0,100.0,0.0,0.0
171,-2.249999999999996,350,0.0,PREY_WIN,1,0,99.45999999999998,0.0,0.0
172,-2.149999999999998,350,0.0,PREY_WIN,1,0,98.91999999999996,0.0,0.0
173,-2.2299999999999964,350,0.0,PREY_WIN,1,0,99.72999999999999,0.0,0.0
174,29.512499999999953,131,0.0,PREDATOR_WIN,0,1,0.0,59.80250000000022,0.0
175,-2.249999999999996,350,0.0,PREY_WIN,1,0,99.06999999999996,0.0,0.0
176,-2.1899999999999973,350,0.0,PREY_WIN,1,0,99.18999999999997,0.0,0.0
177,-2.339999999999994,350,0.0,PREY_WIN,1,0,98.91999999999996,0.0,0.0
178,-2.259999999999996,350,0.0,PREY_WIN,1,0,99.72999999999999,0.0,0.0
179,-2.259999999999996,350,0.0,PREY_WIN,1,0,100.0,0.0,0.0
180,-2.199999999999997,350,0.0,PREY_WIN,1,0,100.0,0.0,0.0
181,-2.3099999999999947,350,0.0,PREY_WIN,1,0,98.28999999999994,0.0,0.0
182,29.41249999999995,138,0.0,PREDATOR_WIN,0,1,0.0,54.43250000000026,0.0
183,-2.2699999999999956,350,0.0,PREY_WIN,1,0,99.21999999999997,0.0,0.0
184,-2.2299999999999964,350,0.0,PREY_WIN,1,0,99.45999999999998,0.0,0.0
185,30.529999999999976,93,0.0,PREDATOR_WIN,0,1,0.0,76.4,0.0
186,-2.159999999999998,350,0.0,PREY_WIN,1,0,99.45999999999998,0.0,0.0
187,-2.239999999999996,350,0.0,PREY_WIN,1,0,100.0,0.0,0.0
188,-2.209999999999997,350,0.0,PREY_WIN,1,0,99.72999999999999,0.0,0.0
189,-2.209999999999997,350,0.0,PREY_WIN,1,0,99.06999999999996,0.0,0.0
190,-2.1799999999999975,350,0.0,PREY_WIN,1,0,99.51999999999998,0.0,0.0
191,-2.339999999999994,350,0.0,PREY_WIN,1,0,100.0,0.0,0.0
192,-2.209999999999997,350,0.0,PREY_WIN,1,0,99.60999999999999,0.0,0.0
193,30.199999999999996,180,0.0,PREDATOR_WIN,0,1,0.0,40.40000000000025,0.0
194,-2.259999999999996,350,0.0,PREY_WIN,1,0,99.72999999999999,0.0,0.0
195,-2.2699999999999956,350,0.0,PREY_WIN,1,0,100.0,0.0,0.0
196,-2.109999999999999,350,0.0,PREY_WIN,1,0,100.0,0.0,0.0
197,-2.4099999999999926,350,0.0,PREY_WIN,1,0,100.0,0.0,0.0
198,-2.259999999999996,350,0.0,PREY_WIN,1,0,100.0,0.0,0.0
199,-2.259999999999996,350,0.0,PREY_WIN,1,0,100.0,0.0,0.0
200,-2.3099999999999947,350,0.0,PREY_WIN,1,0,99.72999999999999,0.0,0.0
201,-2.1899999999999973,350,0.0,PREY_WIN,1,0,100.0,0.0,0.0
202,-2.159999999999998,350,0.0,PREY_WIN,1,0,98.91999999999996,0.0,0.0
203,-2.1899999999999973,350,0.0,PREY_WIN,1,0,98.64999999999995,0.0,0.0
204,-2.159999999999998,350,0.0,PREY_WIN,1,0,100.0,0.0,0.0
205,-2.299999999999995,350,0.0,PREY_WIN,1,0,100.0,0.0,0.0
206,-2.1799999999999975,350,0.0,PREY_WIN,1,0,99.72999999999999,0.0,0.0
207,-2.239999999999996,350,0.0,PREY_WIN,1,0,99.45999999999998,0.0,0.0
208,-2.1699999999999977,350,0.0,PREY_WIN,1,0,100.0,0.0,0.0
209,-2.109999999999999,350,0.0,PREY_WIN,1,0,99.88,0.0,0.0
210,-2.259999999999996,350,0.0,PREY_WIN,1,0,100.0,0.0,0.0
211,-2.2699999999999956,350,0.0,PREY_WIN,1,0,99.72999999999999,0.0,0.0
212,-2.209999999999997,350,0.0,PREY_WIN,1,0,100.0,0.0,0.0
213,-2.259999999999996,350,0.0,PREY_WIN,1,0,100.0,0.0,0.0
214,-2.2299999999999964,350,0.0,PREY_WIN,1,0,99.72999999999999,0.0,0.0
215,-2.1899999999999973,350,0.0,PREY_WIN,1,0,99.72999999999999,0.0,0.0
216,-2.239999999999996,350,0.0,PREY_WIN,1,0,100.0,0.0,0.0
217,-2.2299999999999964,350,0.0,PREY_WIN,1,0,99.72999999999999,0.0,0.0
218,-2.3099999999999947,350,0.0,PREY_WIN,1,0,98.94999999999996,0.0,0.0
219,-2.159999999999998,350,0.0,PREY_WIN,1,0,99.72999999999999,0.0,0.0
220,-2.209999999999997,350,0.0,PREY_WIN,1,0,99.72999999999999,0.0,0.0
221,-2.289999999999995,350,0.0,PREY_WIN,1,0,100.0,0.0,0.0
222,-2.2799999999999954,350,0.0,PREY_WIN,1,0,99.45999999999998,0.0,0.0
223,-2.249999999999996,350,0.0,PREY_WIN,1,0,100.0,0.0,0.0
224,-2.1799999999999975,350,0.0,PREY_WIN,1,0,100.0,0.0,0.0
225,-2.209999999999997,350,0.0,PREY_WIN,1,0,99.72999999999999,0.0,0.0
226,-2.289999999999995,350,0.0,PREY_WIN,1,0,91.02999999999966,0.0,0.0
227,-2.2299999999999964,350,0.0,PREY_WIN,1,0,100.0,0.0,0.0
228,-2.299999999999995,350,0.0,PREY_WIN,1,0,99.45999999999998,0.0,0.0
229,29.999999999999975,143,0.0,PREDATOR_WIN,0,1,0.0,58.970000000000255,0.0
230,-2.1199999999999988,350,0.0,PREY_WIN,1,0,99.60999999999999,0.0,0.0
231,-2.3099999999999947,350,0.0,PREY_WIN,1,0,100.0,0.0,0.0
232,-2.2199999999999966,350,0.0,PREY_WIN,1,0,98.91999999999996,0.0,0.0
233,-2.239999999999996,350,0.0,PREY_WIN,1,0,98.64999999999995,0.0,0.0
234,-2.239999999999996,350,0.0,PREY_WIN,1,0,99.72999999999999,0.0,0.0
235,-2.1399999999999983,350,0.0,PREY_WIN,1,0,98.37999999999994,0.0,0.0
236,-2.259999999999996,350,0.0,PREY_WIN,1,0,100.0,0.0,0.0
237,-2.299999999999995,350,0.0,PREY_WIN,1,0,100.0,0.0,0.0
238,-2.199999999999997,350,0.0,PREY_WIN,1,0,99.72999999999999,0.0,0.0
239,-2.199999999999997,350,0.0,PREY_WIN,1,0,100.0,0.0,0.0
240,-2.239999999999996,350,0.0,PREY_WIN,1,0,100.0,0.0,0.0
241,-2.159999999999998,350,0.0,PREY_WIN,1,0,99.72999999999999,0.0,0.0
242,-2.209999999999997,350,0.0,PREY_WIN,1,0,100.0,0.0,0.0
243,-2.259999999999996,350,0.0,PREY_WIN,1,0,100.0,0.0,0.0
244,-2.2199999999999966,350,0.0,PREY_WIN,1,0,100.0,0.0,0.0
245,-2.209999999999997,350,0.0,PREY_WIN,1,0,99.06999999999996,0.0,0.0
246,-2.2299999999999964,350,0.0,PREY_WIN,1,0,100.0,0.0,0.0
247,-2.3199999999999945,350,0.0,PREY_WIN,1,0,100.0,0.0,0.0
248,-2.199999999999997,350,0.0,PREY_WIN,1,0,98.10999999999993,0.0,0.0
249,-2.209999999999997,350,0.0,PREY_WIN,1,0,100.0,0.0,0.0
250,-2.1199999999999988,350,0.0,PREY_WIN,1,0,100.0,0.0,0.0
251,-2.2299999999999964,350,0.0,PREY_WIN,1,0,99.45999999999998,0.0,0.0
252,-2.289999999999995,350,0.0,PREY_WIN,1,0,100.0,0.0,0.0
253,29.022499999999965,210,0.0,PREDATOR_WIN,0,1,0.0,28.72250000000021,0.0
254,-2.2799999999999954,350,0.0,PREY_WIN,1,0,99.72999999999999,0.0,0.0
255,-2.199999999999997,350,0.0,PREY_WIN,1,0,98.91999999999996,0.0,0.0
256,-2.2299999999999964,350,0.0,PREY_WIN,1,0,100.0,0.0,0.0
257,-2.2199999999999966,350,0.0,PREY_WIN,1,0,99.72999999999999,0.0,0.0
258,-2.349999999999994,350,0.0,PREY_WIN,1,0,100.0,0.0,0.0
259,-2.2299999999999964,350,0.0,PREY_WIN,1,0,100.0,0.0,0.0
260,-2.2699999999999956,350,0.0,PREY_WIN,1,0,99.72999999999999,0.0,0.0
261,-2.149999999999998,350,0.0,PREY_WIN,1,0,100.0,0.0,0.0
262,-2.3099999999999947,350,0.0,PREY_WIN,1,0,100.0,0.0,0.0
263,-2.259999999999996,350,0.0,PREY_WIN,1,0,99.33999999999997,0.0,0.0
264,-2.299999999999995,350,0.0,PREY_WIN,1,0,99.45999999999998,0.0,0.0
265,30.97,103,0.0,PREDATOR_WIN,0,1,0.0,74.54000000000005,0.0
266,-2.339999999999994,350,0.0,PREY_WIN,1,0,100.0,0.0,0.0
267,-2.2799999999999954,350,0.0,PREY_WIN,1,0,98.82999999999996,0.0,0.0
268,-2.199999999999997,350,0.0,PREY_WIN,1,0,100.0,0.0,0.0
269,-2.209999999999997,350,0.0,PREY_WIN,1,0,100.0,0.0,0.0
270,-2.259999999999996,350,0.0,PREY_WIN,1,0,98.91999999999996,0.0,0.0
271,29.979999999999997,202,0.0,PREDATOR_WIN,0,1,0.0,34.76000000000025,0.0
272,-2.239999999999996,350,0.0,PREY_WIN,1,0,100.0,0.0,0.0
273,-2.389999999999993,350,0.0,PREY_WIN,1,0,100.0,0.0,0.0
274,-2.3099999999999947,350,0.0,PREY_WIN,1,0,99.45999999999998,0.0,0.0
275,-2.1799999999999975,350,0.0,PREY_WIN,1,0,99.18999999999997,0.0,0.0
276,-2.199999999999997,350,0.0,PREY_WIN,1,0,100.0,0.0,0.0
277,-2.2699999999999956,350,0.0,PREY_WIN,1,0,100.0,0.0,0.0
278,-2.289999999999995,350,0.0,PREY_WIN,1,0,99.72999999999999,0.0,0.0
279,-2.239999999999996,350,0.0,PREY_WIN,1,0,100.0,0.0,0.0
280,-2.199999999999997,350,0.0,PREY_WIN,1,0,100.0,0.0,0.0
281,-2.209999999999997,350,0.0,PREY_WIN,1,0,99.72999999999999,0.0,0.0
282,-2.1399999999999983,350,0.0,PREY_WIN,1,0,100.0,0.0,0.0
283,-2.3599999999999937,350,0.0,PREY_WIN,1,0,99.48999999999998,0.0,0.0
284,-2.209999999999997,350,0.0,PREY_WIN,1,0,100.0,0.0,0.0
285,30.049999999999997,192,0.0,PREDATOR_WIN,0,1,0.0,38.930000000000234,0.0
286,-2.249999999999996,350,0.0,PREY_WIN,1,0,99.72999999999999,0.0,0.0
287,30.009999999999994,196,0.0,PREDATOR_WIN,0,1,0.0,32.450000000000244,0.0
288,31.66749999999999,7,0.0,PREDATOR_WIN,0,1,0.0,100.0,0.0
289,-2.3299999999999943,350,0.0,PREY_WIN,1,0,99.72999999999999,0.0,0.0
290,-2.159999999999998,350,0.0,PREY_WIN,1,0,100.0,0.0,0.0
291,-2.4499999999999917,350,0.0,PREY_WIN,1,0,100.0,0.0,0.0
292,-2.159999999999998,350,0.0,PREY_WIN,1,0,99.72999999999999,0.0,0.0
293,-2.289999999999995,350,0.0,PREY_WIN,1,0,97.71999999999991,0.0,0.0
294,-2.289999999999995,350,0.0,PREY_WIN,1,0,100.0,0.0,0.0
295,-2.339999999999994,350,0.0,PREY_WIN,1,0,99.18999999999997,0.0,0.0
296,-2.209999999999997,350,0.0,PREY_WIN,1,0,99.18999999999997,0.0,0.0
297,-2.4599999999999915,350,0.0,PREY_WIN,1,0,100.0,0.0,0.0
298,-2.1899999999999973,350,0.0,PREY_WIN,1,0,100.0,0.0,0.0
299,-2.259999999999996,350,0.0,PREY_WIN,1,0,98.25999999999993,0.0,0.0
300,-2.209999999999997,350,0.0,PREY_WIN,1,0,100.0,0.0,0.0
301,-2.2799999999999954,350,0.0,PREY_WIN,1,0,100.0,0.0,0.0
302,-2.2299999999999964,350,0.0,PREY_WIN,1,0,99.72999999999999,0.0,0.0
303,-2.159999999999998,350,0.0,PREY_WIN,1,0,99.72999999999999,0.0,0.0
304,-2.159999999999998,350,0.0,PREY_WIN,1,0,100.0,0.0,0.0
305,-2.2699999999999956,350,0.0,PREY_WIN,1,0,100.0,0.0,0.0
306,-2.259999999999996,350,0.0,PREY_WIN,1,0,98.91999999999996,0.0,0.0
307,-2.3199999999999945,350,0.0,PREY_WIN,1,0,100.0,0.0,0.0
308,-2.339999999999994,350,0.0,PREY_WIN,1,0,99.72999999999999,0.0,0.0
309,-2.3599999999999937,350,0.0,PREY_WIN,1,0,99.72999999999999,0.0,0.0
310,-2.209999999999997,350,0.0,PREY_WIN,1,0,100.0,0.0,0.0
311,-2.239999999999996,350,0.0,PREY_WIN,1,0,99.72999999999999,0.0,0.0
312,-2.239999999999996,350,0.0,PREY_WIN,1,0,100.0,0.0,0.0
313,-2.2299999999999964,350,0.0,PREY_WIN,1,0,99.45999999999998,0.0,0.0
314,-2.1399999999999983,350,0.0,PREY_WIN,1,0,99.18999999999997,0.0,0.0
315,-2.239999999999996,350,0.0,PREY_WIN,1,0,99.45999999999998,0.0,0.0
316,-2.3099999999999947,350,0.0,PREY_WIN,1,0,100.0,0.0,0.0
317,-2.1899999999999973,350,0.0,PREY_WIN,1,0,99.18999999999997,0.0,0.0
318,-2.4099999999999926,350,0.0,PREY_WIN,1,0,100.0,0.0,0.0
319,-2.3099999999999947,350,0.0,PREY_WIN,1,0,99.06999999999996,0.0,0.0
320,-2.209999999999997,350,0.0,PREY_WIN,1,0,99.72999999999999,0.0,0.0
321,-2.1699999999999977,350,0.0,PREY_WIN,1,0,99.72999999999999,0.0,0.0
322,-2.239999999999996,350,0.0,PREY_WIN,1,0,100.0,0.0,0.0
323,-2.289999999999995,350,0.0,PREY_WIN,1,0,100.0,0.0,0.0
324,-2.2199999999999966,350,0.0,PREY_WIN,1,0,100.0,0.0,0.0
325,-2.259999999999996,350,0.0,PREY_WIN,1,0,98.91999999999996,0.0,0.0
326,-2.259999999999996,350,0.0,PREY_WIN,1,0,99.45999999999998,0.0,0.0
327,-2.339999999999994,350,0.0,PREY_WIN,1,0,99.33999999999997,0.0,0.0
328,-2.1899999999999973,350,0.0,PREY_WIN,1,0,99.72999999999999,0.0,0.0
329,-2.339999999999994,350,0.0,PREY_WIN,1,0,99.72999999999999,0.0,0.0
330,-2.4599999999999915,350,0.0,PREY_WIN,1,0,100.0,0.0,0.0
331,-2.3099999999999947,350,0.0,PREY_WIN,1,0,99.72999999999999,0.0,0.0
332,-2.3099999999999947,350,0.0,PREY_WIN,1,0,100.0,0.0,0.0
333,-2.159999999999998,350,0.0,PREY_WIN,1,0,99.72999999999999,0.0,0.0
334,31.729999999999997,27,0.0,PREDATOR_WIN,0,1,0.0,99.25999999999995,0.0
335,-2.209999999999997,350,0.0,PREY_WIN,1,0,100.0,0.0,0.0
336,-2.2199999999999966,350,0.0,PREY_WIN,1,0,100.0,0.0,0.0
337,-2.2699999999999956,350,0.0,PREY_WIN,1,0,99.45999999999998,0.0,0.0
338,-2.199999999999997,350,0.0,PREY_WIN,1,0,100.0,0.0,0.0
339,-2.1899999999999973,350,0.0,PREY_WIN,1,0,99.72999999999999,0.0,0.0
340,-2.1399999999999983,350,0.0,PREY_WIN,1,0,100.0,0.0,0.0
341,-2.259999999999996,350,0.0,PREY_WIN,1,0,99.72999999999999,0.0,0.0
342,-2.209999999999997,350,0.0,PREY_WIN,1,0,99.18999999999997,0.0,0.0
343,-2.1899999999999973,350,0.0,PREY_WIN,1,0,99.72999999999999,0.0,0.0
344,-2.239999999999996,350,0.0,PREY_WIN,1,0,100.0,0.0,0.0
345,-2.3699999999999934,350,0.0,PREY_WIN,1,0,99.18999999999997,0.0,0.0
346,-2.2199999999999966,350,0.0,PREY_WIN,1,0,100.0,0.0,0.0
347,-2.5099999999999905,350,0.0,PREY_WIN,1,0,99.60999999999999,0.0,0.0
348,-2.209999999999997,350,0.0,PREY_WIN,1,0,98.91999999999996,0.0,0.0
349,30.289999999999996,171,0.0,PREDATOR_WIN,0,1,0.0,41.78000000000024,0.0
350,-2.3599999999999937,350,0.0,PREY_WIN,1,0,100.0,0.0,0.0
351,-2.2199999999999966,350,0.0,PREY_WIN,1,0,99.72999999999999,0.0,0.0
352,-2.2299999999999964,350,0.0,PREY_WIN,1,0,99.72999999999999,0.0,0.0
353,-2.199999999999997,350,0.0,PREY_WIN,1,0,99.45999999999998,0.0,0.0
354,-2.3799999999999932,350,0.0,PREY_WIN,1,0,100.0,0.0,0.0
355,-2.209999999999997,350,0.0,PREY_WIN,1,0,99.45999999999998,0.0,0.0
356,-2.289999999999995,350,0.0,PREY_WIN,1,0,98.10999999999993,0.0,0.0
357,-2.3799999999999932,350,0.0,PREY_WIN,1,0,100.0,0.0,0.0
358,-2.289999999999995,350,0.0,PREY_WIN,1,0,100.0,0.0,0.0
359,-2.2299999999999964,350,0.0,PREY_WIN,1,0,100.0,0.0,0.0
360,-2.299999999999995,350,0.0,PREY_WIN,1,0,99.72999999999999,0.0,0.0
361,-2.159999999999998,350,0.0,PREY_WIN,1,0,99.88,0.0,0.0
362,-2.3199999999999945,350,0.0,PREY_WIN,1,0,100.0,0.0,0.0
363,-2.209999999999997,350,0.0,PREY_WIN,1,0,100.0,0.0,0.0
364,-2.1899999999999973,350,0.0,PREY_WIN,1,0,99.45999999999998,0.0,0.0
365,-2.199999999999997,350,0.0,PREY_WIN,1,0,100.0,0.0,0.0
366,-2.209999999999997,350,0.0,PREY_WIN,1,0,100.0,0.0,0.0
367,-2.1699999999999977,350,0.0,PREY_WIN,1,0,99.72999999999999,0.0,0.0
368,-2.239999999999996,350,0.0,PREY_WIN,1,0,100.0,0.0,0.0
369,-2.1799999999999975,350,0.0,PREY_WIN,1,0,100.0,0.0,0.0
370,-2.259999999999996,350,0.0,PREY_WIN,1,0,100.0,0.0,0.0
371,-2.2299999999999964,350,0.0,PREY_WIN,1,0,99.45999999999998,0.0,0.0
372,-2.209999999999997,350,0.0,PREY_WIN,1,0,100.0,0.0,0.0
373,30.109999999999996,189,0.0,PREDATOR_WIN,0,1,0.0,36.32000000000025,0.0
374,-2.5999999999999885,350,0.0,PREY_WIN,1,0,99.72999999999999,0.0,0.0
375,-2.6099999999999883,350,0.0,PREY_WIN,1,0,100.0,0.0,0.0
376,-2.3099999999999947,350,0.0,PREY_WIN,1,0,100.0,0.0,0.0
377,-2.1399999999999983,350,0.0,PREY_WIN,1,0,100.0,0.0,0.0
378,-2.259999999999996,350,0.0,PREY_WIN,1,0,100.0,0.0,0.0
379,-2.199999999999997,350,0.0,PREY_WIN,1,0,100.0,0.0,0.0
380,-2.289999999999995,350,0.0,PREY_WIN,1,0,99.72999999999999,0.0,0.0
381,-2.2199999999999966,350,0.0,PREY_WIN,1,0,100.0,0.0,0.0
382,-2.259999999999996,350,0.0,PREY_WIN,1,0,99.72999999999999,0.0,0.0
383,-2.389999999999993,350,0.0,PREY_WIN,1,0,100.0,0.0,0.0
384,-2.1899999999999973,350,0.0,PREY_WIN,1,0,99.06999999999996,0.0,0.0
385,-2.199999999999997,350,0.0,PREY_WIN,1,0,100.0,0.0,0.0
386,-2.209999999999997,350,0.0,PREY_WIN,1,0,99.88,0.0,0.0
387,-2.1899999999999973,350,0.0,PREY_WIN,1,0,100.0,0.0,0.0
388,-2.3199999999999945,350,0.0,PREY_WIN,1,0,100.0,0.0,0.0
389,30.099999999999994,187,0.0,PREDATOR_WIN,0,1,0.0,37.130000000000244,0.0
390,-2.389999999999993,350,0.0,PREY_WIN,1,0,99.18999999999997,0.0,0.0
391,-2.4099999999999926,350,0.0,PREY_WIN,1,0,100.0,0.0,0.0
392,-2.429999999999992,350,0.0,PREY_WIN,1,0,99.60999999999999,0.0,0.0
393,-2.289999999999995,350,0.0,PREY_WIN,1,0,99.88,0.0,0.0
394,-2.259999999999996,350,0.0,PREY_WIN,1,0,99.72999999999999,0.0,0.0
395,-2.209999999999997,350,0.0,PREY_WIN,1,0,99.72999999999999,0.0,0.0
396,-2.569999999999989,350,0.0,PREY_WIN,1,0,99.88,0.0,0.0
397,-2.289999999999995,350,0.0,PREY_WIN,1,0,100.0,0.0,0.0
398,-2.1799999999999975,350,0.0,PREY_WIN,1,0,100.0,0.0,0.0
399,-2.289999999999995,350,0.0,PREY_WIN,1,0,100.0,0.0,0.0
400,-2.259999999999996,350,0.0,PREY_WIN,1,0,99.88,0.0,0.0
401,-2.209999999999997,350,0.0,PREY_WIN,1,0,99.72999999999999,0.0,0.0
402,-2.1899999999999973,350,0.0,PREY_WIN,1,0,99.45999999999998,0.0,0.0
403,-2.1899999999999973,350,0.0,PREY_WIN,1,0,100.0,0.0,0.0
404,-2.159999999999998,350,0.0,PREY_WIN,1,0,99.72999999999999,0.0,0.0
405,-2.3799999999999932,350,0.0,PREY_WIN,1,0,100.0,0.0,0.0
406,-2.289999999999995,350,0.0,PREY_WIN,1,0,100.0,0.0,0.0
407,-2.249999999999996,350,0.0,PREY_WIN,1,0,99.72999999999999,0.0,0.0
408,-2.439999999999992,350,0.0,PREY_WIN,1,0,99.18999999999997,0.0,0.0
409,-2.2699999999999956,350,0.0,PREY_WIN,1,0,100.0,0.0,0.0
410,-2.2199999999999966,350,0.0,PREY_WIN,1,0,100.0,0.0,0.0
411,-2.259999999999996,350,0.0,PREY_WIN,1,0,100.0,0.0,0.0
412,-2.209999999999997,350,0.0,PREY_WIN,1,0,99.45999999999998,0.0,0.0
413,-2.259999999999996,350,0.0,PREY_WIN,1,0,100.0,0.0,0.0
414,-2.209999999999997,350,0.0,PREY_WIN,1,0,100.0,0.0,0.0
415,-2.1399999999999983,350,0.0,PREY_WIN,1,0,99.45999999999998,0.0,0.0
416,-2.2699999999999956,350,0.0,PREY_WIN,1,0,99.45999999999998,0.0,0.0
417,-2.339999999999994,350,0.0,PREY_WIN,1,0,99.18999999999997,0.0,0.0
418,-2.1699999999999977,350,0.0,PREY_WIN,1,0,99.72999999999999,0.0,0.0
419,-2.289999999999995,350,0.0,PREY_WIN,1,0,100.0,0.0,0.0
420,-2.3599999999999937,350,0.0,PREY_WIN,1,0,100.0,0.0,0.0
421,-2.2199999999999966,350,0.0,PREY_WIN,1,0,100.0,0.0,0.0
422,-2.1899999999999973,350,0.0,PREY_WIN,1,0,100.0,0.0,0.0
423,-2.2199999999999966,350,0.0,PREY_WIN,1,0,100.0,0.0,0.0
424,-2.259999999999996,350,0.0,PREY_WIN,1,0,100.0,0.0,0.0
425,-2.199999999999997,350,0.0,PREY_WIN,1,0,99.72999999999999,0.0,0.0
426,-2.259999999999996,350,0.0,PREY_WIN,1,0,99.72999999999999,0.0,0.0
427,-2.3799999999999932,350,0.0,PREY_WIN,1,0,99.72999999999999,0.0,0.0
428,-2.2199999999999966,350,0.0,PREY_WIN,1,0,100.0,0.0,0.0
429,29.509999999999977,192,0.0,PREDATOR_WIN,0,1,0.0,37.19000000000022,0.0
430,-2.759999999999985,350,0.0,PREY_WIN,1,0,99.21999999999997,0.0,0.0
431,-2.6599999999999873,350,0.0,PREY_WIN,1,0,99.60999999999999,0.0,0.0
432,-2.619999999999988,350,0.0,PREY_WIN,1,0,100.0,0.0,0.0
433,30.029999999999998,197,0.0,PREDATOR_WIN,0,1,0.0,39.56000000000018,0.0
434,-2.809999999999984,350,0.0,PREY_WIN,1,0,99.72999999999999,0.0,0.0
435,-2.5899999999999888,350,0.0,PREY_WIN,1,0,99.06999999999996,0.0,0.0
436,-2.209999999999997,350,0.0,PREY_WIN,1,0,100.0,0.0,0.0
437,29.86,214,0.0,PREDATOR_WIN,0,1,0.0,27.32000000000025,0.0
438,-2.289999999999995,350,0.0,PREY_WIN,1,0,99.45999999999998,0.0,0.0
439,-2.399999999999993,350,0.0,PREY_WIN,1,0,100.0,0.0,0.0
440,-2.259999999999996,350,0.0,PREY_WIN,1,0,99.72999999999999,0.0,0.0
441,-2.199999999999997,350,0.0,PREY_WIN,1,0,100.0,0.0,0.0
442,-2.4199999999999924,350,0.0,PREY_WIN,1,0,99.88,0.0,0.0
443,-2.4099999999999926,350,0.0,PREY_WIN,1,0,99.45999999999998,0.0,0.0
444,29.959999999999997,204,0.0,PREDATOR_WIN,0,1,0.0,33.32000000000025,0.0
445,-2.159999999999998,350,0.0,PREY_WIN,1,0,97.2999999999999,0.0,0.0
446,-2.399999999999993,350,0.0,PREY_WIN,1,0,100.0,0.0,0.0
447,-2.4099999999999926,350,0.0,PREY_WIN,1,0,100.0,0.0,0.0
448,-2.209999999999997,350,0.0,PREY_WIN,1,0,100.0,0.0,0.0
449,-2.159999999999998,350,0.0,PREY_WIN,1,0,100.0,0.0,0.0
450,-2.249999999999996,350,0.0,PREY_WIN,1,0,100.0,0.0,0.0
451,-2.2199999999999966,350,0.0,PREY_WIN,1,0,100.0,0.0,0.0
452,29.619999999999976,184,0.0,PREDATOR_WIN,0,1,0.0,40.58000000000021,0.0
453,-2.289999999999995,350,0.0,PREY_WIN,1,0,100.0,0.0,0.0
454,-2.3199999999999945,350,0.0,PREY_WIN,1,0,100.0,0.0,0.0
455,31.259999999999998,74,0.0,PREDATOR_WIN,0,1,0.0,81.61999999999999,0.0
456,-2.289999999999995,350,0.0,PREY_WIN,1,0,100.0,0.0,0.0
457,-2.2699999999999956,350,0.0,PREY_WIN,1,0,98.52999999999994,0.0,0.0
458,-2.249999999999996,350,0.0,PREY_WIN,1,0,99.72999999999999,0.0,0.0
459,-2.239999999999996,350,0.0,PREY_WIN,1,0,100.0,0.0,0.0
460,-2.3099999999999947,350,0.0,PREY_WIN,1,0,100.0,0.0,0.0
461,-2.239999999999996,350,0.0,PREY_WIN,1,0,99.72999999999999,0.0,0.0
462,-2.289999999999995,350,0.0,PREY_WIN,1,0,99.72999999999999,0.0,0.0
463,-2.209999999999997,350,0.0,PREY_WIN,1,0,100.0,0.0,0.0
464,-2.239999999999996,350,0.0,PREY_WIN,1,0,100.0,0.0,0.0
465,-2.2199999999999966,350,0.0,PREY_WIN,1,0,99.60999999999999,0.0,0.0
466,-2.239999999999996,350,0.0,PREY_WIN,1,0,99.72999999999999,0.0,0.0
467,-2.159999999999998,350,0.0,PREY_WIN,1,0,100.0,0.0,0.0
468,-2.2699999999999956,350,0.0,PREY_WIN,1,0,100.0,0.0,0.0
469,-2.389999999999993,350,0.0,PREY_WIN,1,0,99.72999999999999,0.0,0.0
470,-2.239999999999996,350,0.0,PREY_WIN,1,0,100.0,0.0,0.0
471,-2.209999999999997,350,0.0,PREY_WIN,1,0,99.72999999999999,0.0,0.0
472,29.81249999999997,149,0.0,PREDATOR_WIN,0,1,0.0,53.92250000000027,0.0
473,-2.349999999999994,350,0.0,PREY_WIN,1,0,100.0,0.0,0.0
474,-2.159999999999998,350,0.0,PREY_WIN,1,0,100.0,0.0,0.0
475,-2.299999999999995,350,0.0,PREY_WIN,1,0,100.0,0.0,0.0
476,-2.1899999999999973,350,0.0,PREY_WIN,1,0,99.72999999999999,0.0,0.0
477,29.76,224,0.0,PREDATOR_WIN,0,1,0.0,27.620000000000232,0.0
478,29.577499999999965,162,0.0,PREDATOR_WIN,0,1,0.0,50.15750000000021,0.0
479,-2.439999999999992,350,0.0,PREY_WIN,1,0,99.72999999999999,0.0,0.0
480,-2.2299999999999964,350,0.0,PREY_WIN,1,0,100.0,0.0,0.0
481,-2.1799999999999975,350,0.0,PREY_WIN,1,0,100.0,0.0,0.0
482,-2.479999999999991,350,0.0,PREY_WIN,1,0,99.72999999999999,0.0,0.0
483,-2.4099999999999926,350,0.0,PREY_WIN,1,0,100.0,0.0,0.0
484,-2.2799999999999954,350,0.0,PREY_WIN,1,0,100.0,0.0,0.0
485,-2.209999999999997,350,0.0,PREY_WIN,1,0,100.0,0.0,0.0
486,-2.2799999999999954,350,0.0,PREY_WIN,1,0,100.0,0.0,0.0
487,-2.3099999999999947,350,0.0,PREY_WIN,1,0,100.0,0.0,0.0
488,-2.239999999999996,350,0.0,PREY_WIN,1,0,99.60999999999999,0.0,0.0
489,-2.209999999999997,350,0.0,PREY_WIN,1,0,97.71999999999991,0.0,0.0
490,-2.2299999999999964,350,0.0,PREY_WIN,1,0,100.0,0.0,0.0
491,29.894999999999992,197,0.0,PREDATOR_WIN,0,1,0.0,37.62500000000021,0.0
492,-2.2699999999999956,350,0.0,PREY_WIN,1,0,99.72999999999999,0.0,0.0
493,-2.3099999999999947,350,0.0,PREY_WIN,1,0,99.18999999999997,0.0,0.0
494,-2.2299999999999964,350,0.0,PREY_WIN,1,0,100.0,0.0,0.0
495,-2.719999999999986,350,0.0,PREY_WIN,1,0,100.0,0.0,0.0
496,-2.1399999999999983,350,0.0,PREY_WIN,1,0,99.72999999999999,0.0,0.0
497,-2.3199999999999945,350,0.0,PREY_WIN,1,0,100.0,0.0,0.0
498,-2.289999999999995,350,0.0,PREY_WIN,1,0,100.0,0.0,0.0
499,-2.209999999999997,350,0.0,PREY_WIN,1,0,99.72999999999999,0.0,0.0
500,-2.259999999999996,350,0.0,PREY_WIN,1,0,99.72999999999999,0.0,0.0
501,-2.199999999999997,350,0.0,PREY_WIN,1,0,100.0,0.0,0.0
502,-2.239999999999996,350,0.0,PREY_WIN,1,0,100.0,0.0,0.0
503,-2.3199999999999945,350,0.0,PREY_WIN,1,0,100.0,0.0,0.0
504,-2.199999999999997,350,0.0,PREY_WIN,1,0,100.0,0.0,0.0
505,-2.299999999999995,350,0.0,PREY_WIN,1,0,100.0,0.0,0.0
506,-2.299999999999995,350,0.0,PREY_WIN,1,0,100.0,0.0,0.0
507,29.84,216,0.0,PREDATOR_WIN,0,1,0.0,26.780000000000253,0.0
508,29.8,220,0.0,PREDATOR_WIN,0,1,0.0,26.30000000000023,0.0
509,-2.759999999999985,350,0.0,PREY_WIN,1,0,100.0,0.0,0.0
510,-2.3599999999999937,350,0.0,PREY_WIN,1,0,99.45999999999998,0.0,0.0
511,-2.1399999999999983,350,0.0,PREY_WIN,1,0,100.0,0.0,0.0
512,30.959999999999997,104,0.0,PREDATOR_WIN,0,1,0.0,69.32000000000014,0.0
513,-2.259999999999996,350,0.0,PREY_WIN,1,0,100.0,0.0,0.0
514,-2.4499999999999917,350,0.0,PREY_WIN,1,0,99.45999999999998,0.0,0.0
515,-2.289999999999995,350,0.0,PREY_WIN,1,0,100.0,0.0,0.0
516,-2.399999999999993,350,0.0,PREY_WIN,1,0,100.0,0.0,0.0
517,-2.3599999999999937,350,0.0,PREY_WIN,1,0,100.0,0.0,0.0
518,29.902499999999996,203,0.0,PREDATOR_WIN,0,1,0.0,33.07250000000023,0.0
519,-2.4199999999999924,350,0.0,PREY_WIN,1,0,99.18999999999997,0.0,0.0
520,-2.53999999999999,350,0.0,PREY_WIN,1,0,100.0,0.0,0.0
521,-2.859999999999983,350,0.0,PREY_WIN,1,0,99.72999999999999,0.0,0.0
522,29.01,272,0.0,PREDATOR_WIN,0,1,0.0,24.89000000000026,0.0
523,-2.5099999999999905,350,0.0,PREY_WIN,1,0,98.79999999999995,0.0,0.0
524,-2.299999999999995,350,0.0,PREY_WIN,1,0,99.60999999999999,0.0,0.0
525,-2.5099999999999905,350,0.0,PREY_WIN,1,0,100.0,0.0,0.0
526,-2.1899999999999973,350,0.0,PREY_WIN,1,0,99.45999999999998,0.0,0.0
527,-2.299999999999995,350,0.0,PREY_WIN,1,0,100.0,0.0,0.0
528,30.279999999999998,172,0.0,PREDATOR_WIN,0,1,0.0,43.16000000000025,0.0
529,-2.389999999999993,350,0.0,PREY_WIN,1,0,99.72999999999999,0.0,0.0
530,-2.239999999999996,350,0.0,PREY_WIN,1,0,100.0,0.0,0.0
531,-2.5099999999999905,350,0.0,PREY_WIN,1,0,100.0,0.0,0.0
532,-2.239999999999996,350,0.0,PREY_WIN,1,0,100.0,0.0,0.0
533,30.68749999999999,108,0.0,PREDATOR_WIN,0,1,0.0,70.40750000000008,0.0
534,30.197499999999984,148,0.0,PREDATOR_WIN,0,1,0.0,56.21750000000027,0.0
535,-2.3199999999999945,350,0.0,PREY_WIN,1,0,100.0,0.0,0.0
536,-2.239999999999996,350,0.0,PREY_WIN,1,0,100.0,0.0,0.0
537,-2.289999999999995,350,0.0,PREY_WIN,1,0,100.0,0.0,0.0
538,-2.2699999999999956,350,0.0,PREY_WIN,1,0,100.0,0.0,0.0
539,-2.1699999999999977,350,0.0,PREY_WIN,1,0,100.0,0.0,0.0
540,-2.199999999999997,350,0.0,PREY_WIN,1,0,100.0,0.0,0.0
541,29.649999999999988,208,0.0,PREDATOR_WIN,0,1,0.0,29.570000000000245,0.0
542,-2.6399999999999877,350,0.0,PREY_WIN,1,0,99.72999999999999,0.0,0.0
543,-2.2799999999999954,350,0.0,PREY_WIN,1,0,100.0,0.0,0.0
544,-2.4099999999999926,350,0.0,PREY_WIN,1,0,99.45999999999998,0.0,0.0
545,-2.1899999999999973,350,0.0,PREY_WIN,1,0,100.0,0.0,0.0
546,-2.209999999999997,350,0.0,PREY_WIN,1,0,100.0,0.0,0.0
547,-2.259999999999996,350,0.0,PREY_WIN,1,0,100.0,0.0,0.0
548,-2.209999999999997,350,0.0,PREY_WIN,1,0,100.0,0.0,0.0
549,-2.1899999999999973,350,0.0,PREY_WIN,1,0,100.0,0.0,0.0
550,-2.259999999999996,350,0.0,PREY_WIN,1,0,100.0,0.0,0.0
551,-2.239999999999996,350,0.0,PREY_WIN,1,0,99.18999999999997,0.0,0.0
552,-2.2299999999999964,350,0.0,PREY_WIN,1,0,99.45999999999998,0.0,0.0
553,-2.2799999999999954,350,0.0,PREY_WIN,1,0,100.0,0.0,0.0
554,-2.159999999999998,350,0.0,PREY_WIN,1,0,99.72999999999999,0.0,0.0
555,-2.2799999999999954,350,0.0,PREY_WIN,1,0,100.0,0.0,0.0
556,-2.1799999999999975,350,0.0,PREY_WIN,1,0,100.0,0.0,0.0
557,-2.209999999999997,350,0.0,PREY_WIN,1,0,100.0,0.0,0.0
558,30.30749999999999,146,0.0,PREDATOR_WIN,0,1,0.0,54.44750000000029,0.0
559,-2.489999999999991,350,0.0,PREY_WIN,1,0,100.0,0.0,0.0
560,-2.8899999999999824,350,0.0,PREY_WIN,1,0,98.91999999999996,0.0,0.0
561,-2.619999999999988,350,0.0,PREY_WIN,1,0,99.72999999999999,0.0,0.0
562,-2.439999999999992,350,0.0,PREY_WIN,1,0,100.0,0.0,0.0
563,-2.239999999999996,350,0.0,PREY_WIN,1,0,100.0,0.0,0.0
564,-2.4599999999999915,350,0.0,PREY_WIN,1,0,99.72999999999999,0.0,0.0
565,-2.249999999999996,350,0.0,PREY_WIN,1,0,100.0,0.0,0.0
566,-2.289999999999995,350,0.0,PREY_WIN,1,0,100.0,0.0,0.0
567,-2.259999999999996,350,0.0,PREY_WIN,1,0,99.60999999999999,0.0,0.0
568,-2.209999999999997,350,0.0,PREY_WIN,1,0,99.72999999999999,0.0,0.0
569,31.099999999999998,90,0.0,PREDATOR_WIN,0,1,0.0,74.90000000000006,0.0
570,31.284999999999993,58,0.0,PREDATOR_WIN,0,1,0.0,90.00499999999985,0.0
571,-2.3299999999999943,350,0.0,PREY_WIN,1,0,100.0,0.0,0.0
572,-2.289999999999995,350,0.0,PREY_WIN,1,0,100.0,0.0,0.0
573,-2.4199999999999924,350,0.0,PREY_WIN,1,0,100.0,0.0,0.0
574,31.729999999999997,27,0.0,PREDATOR_WIN,0,1,0.0,99.25999999999995,0.0
575,-2.4099999999999926,350,0.0,PREY_WIN,1,0,99.88,0.0,0.0
576,-2.3699999999999934,350,0.0,PREY_WIN,1,0,99.72999999999999,0.0,0.0
577,-2.289999999999995,350,0.0,PREY_WIN,1,0,100.0,0.0,0.0
578,-2.3099999999999947,350,0.0,PREY_WIN,1,0,100.0,0.0,0.0
579,-2.199999999999997,350,0.0,PREY_WIN,1,0,99.88,0.0,0.0
580,-2.289999999999995,350,0.0,PREY_WIN,1,0,100.0,0.0,0.0
581,-2.199999999999997,350,0.0,PREY_WIN,1,0,100.0,0.0,0.0
582,-2.3099999999999947,350,0.0,PREY_WIN,1,0,100.0,0.0,0.0
583,-2.439999999999992,350,0.0,PREY_WIN,1,0,100.0,0.0,0.0
584,-2.2699999999999956,350,0.0,PREY_WIN,1,0,100.0,0.0,0.0
585,-2.1799999999999975,350,0.0,PREY_WIN,1,0,99.72999999999999,0.0,0.0
586,-2.209999999999997,350,0.0,PREY_WIN,1,0,100.0,0.0,0.0
587,-2.209999999999997,350,0.0,PREY_WIN,1,0,99.72999999999999,0.0,0.0
588,-2.209999999999997,350,0.0,PREY_WIN,1,0,99.72999999999999,0.0,0.0
589,-2.289999999999995,350,0.0,PREY_WIN,1,0,100.0,0.0,0.0
590,31.939999999999998,6,0.0,PREDATOR_WIN,0,1,0.0,100.0,0.0
591,-2.259999999999996,350,0.0,PREY_WIN,1,0,100.0,0.0,0.0
592,-2.209999999999997,350,0.0,PREY_WIN,1,0,99.60999999999999,0.0,0.0
593,-2.239999999999996,350,0.0,PREY_WIN,1,0,100.0,0.0,0.0
594,29.65499999999998,194,0.0,PREDATOR_WIN,0,1,0.0,32.61500000000022,0.0
595,-2.3599999999999937,350,0.0,PREY_WIN,1,0,100.0,0.0,0.0
596,-2.489999999999991,350,0.0,PREY_WIN,1,0,99.45999999999998,0.0,0.0
597,-2.3599999999999937,350,0.0,PREY_WIN,1,0,99.06999999999996,0.0,0.0
598,-2.159999999999998,350,0.0,PREY_WIN,1,0,99.45999999999998,0.0,0.0
599,-2.1399999999999983,350,0.0,PREY_WIN,1,0,99.72999999999999,0.0,0.0
600,-2.1899999999999973,350,0.0,PREY_WIN,1,0,100.0,0.0,0.0
601,-2.389999999999993,350,0.0,PREY_WIN,1,0,100.0,0.0,0.0
602,-2.1899999999999973,350,0.0,PREY_WIN,1,0,100.0,0.0,0.0
603,-2.259999999999996,350,0.0,PREY_WIN,1,0,99.45999999999998,0.0,0.0
604,30.069999999999997,193,0.0,PREDATOR_WIN,0,1,0.0,42.14000000000026,0.0
605,-2.259999999999996,350,0.0,PREY_WIN,1,0,99.72999999999999,0.0,0.0
606,-2.859999999999983,350,0.0,PREY_WIN,1,0,100.0,0.0,0.0
607,-2.1399999999999983,350,0.0,PREY_WIN,1,0,99.72999999999999,0.0,0.0
608,-2.4599999999999915,350,0.0,PREY_WIN,1,0,100.0,0.0,0.0
609,29.457499999999982,210,0.0,PREDATOR_WIN,0,1,0.0,29.757500000000196,0.0
610,-2.53999999999999,350,0.0,PREY_WIN,1,0,99.72999999999999,0.0,0.0
611,-2.159999999999998,350,0.0,PREY_WIN,1,0,100.0,0.0,0.0
612,-2.1899999999999973,350,0.0,PREY_WIN,1,0,100.0,0.0,0.0
613,-2.2699999999999956,350,0.0,PREY_WIN,1,0,99.45999999999998,0.0,0.0
614,-2.1899999999999973,350,0.0,PREY_WIN,1,0,100.0,0.0,0.0
615,-2.259999999999996,350,0.0,PREY_WIN,1,0,100.0,0.0,0.0
616,31.40749999999999,39,0.0,PREDATOR_WIN,0,1,0.0,94.9174999999999,0.0
617,-2.249999999999996,350,0.0,PREY_WIN,1,0,100.0,0.0,0.0
618,29.869999999999987,186,0.0,PREDATOR_WIN,0,1,0.0,35.81000000000026,0.0
619,-2.1399999999999983,350,0.0,PREY_WIN,1,0,99.60999999999999,0.0,0.0
620,-2.239999999999996,350,0.0,PREY_WIN,1,0,100.0,0.0,0.0
621,-2.259999999999996,350,0.0,PREY_WIN,1,0,100.0,0.0,0.0
622,31.459999999999997,54,0.0,PREDATOR_WIN,0,1,0.0,89.71999999999989,0.0
623,-2.159999999999998,350,0.0,PREY_WIN,1,0,100.0,0.0,0.0
624,-2.2299999999999964,350,0.0,PREY_WIN,1,0,100.0,0.0,0.0
625,30.382499999999975,101,0.0,PREDATOR_WIN,0,1,0.0,70.27250000000011,0.0
626,30.089999999999996,191,0.0,PREDATOR_WIN,0,1,0.0,33.08000000000027,0.0
627,-2.759999999999985,350,0.0,PREY_WIN,1,0,100.0,0.0,0.0
628,-2.709999999999986,350,0.0,PREY_WIN,1,0,99.72999999999999,0.0,0.0
629,-2.4099999999999926,350,0.0,PREY_WIN,1,0,99.45999999999998,0.0,0.0
630,-2.2799999999999954,350,0.0,PREY_WIN,1,0,100.0,0.0,0.0
631,-2.6099999999999883,350,0.0,PREY_WIN,1,0,100.0,0.0,0.0
632,-2.569999999999989,350,0.0,PREY_WIN,1,0,100.0,0.0,0.0
633,-2.1799999999999975,350,0.0,PREY_WIN,1,0,100.0,0.0,0.0
634,-2.5099999999999905,350,0.0,PREY_WIN,1,0,100.0,0.0,0.0
635,-2.809999999999984,350,0.0,PREY_WIN,1,0,100.0,0.0,0.0
636,-2.2299999999999964,350,0.0,PREY_WIN,1,0,99.45999999999998,0.0,0.0
637,-2.4599999999999915,350,0.0,PREY_WIN,1,0,98.79999999999995,0.0,0.0
638,-2.679999999999987,350,0.0,PREY_WIN,1,0,100.0,0.0,0.0
639,-2.4199999999999924,350,0.0,PREY_WIN,1,0,100.0,0.0,0.0
640,-2.679999999999987,350,0.0,PREY_WIN,1,0,100.0,0.0,0.0
641,-2.52999999999999,350,0.0,PREY_WIN,1,0,99.72999999999999,0.0,0.0
642,-2.6899999999999866,350,0.0,PREY_WIN,1,0,100.0,0.0,0.0
643,-2.6099999999999883,350,0.0,PREY_WIN,1,0,99.72999999999999,0.0,0.0
644,-2.1699999999999977,350,0.0,PREY_WIN,1,0,100.0,0.0,0.0
645,-2.679999999999987,350,0.0,PREY_WIN,1,0,100.0,0.0,0.0
646,-2.209999999999997,350,0.0,PREY_WIN,1,0,100.0,0.0,0.0
647,30.509999999999998,149,0.0,PREDATOR_WIN,0,1,0.0,53.72000000000027,0.0
648,-2.209999999999997,350,0.0,PREY_WIN,1,0,100.0,0.0,0.0
649,-2.6899999999999866,350,0.0,PREY_WIN,1,0,99.72999999999999,0.0,0.0
650,-2.709999999999986,350,0.0,PREY_WIN,1,0,96.93999999999988,0.0,0.0
651,30.679999999999996,132,0.0,PREDATOR_WIN,0,1,0.0,59.360000000000284,0.0
652,-2.3299999999999943,350,0.0,PREY_WIN,1,0,99.88,0.0,0.0
653,29.52249999999998,202,0.0,PREDATOR_WIN,0,1,0.0,46.60250000000018,0.0
654,-2.8399999999999834,350,0.0,PREY_WIN,1,0,100.0,0.0,0.0
655,-2.7299999999999858,350,0.0,PREY_WIN,1,0,99.72999999999999,0.0,0.0
656,-2.5899999999999888,350,0.0,PREY_WIN,1,0,100.0,0.0,0.0
657,-2.399999999999993,350,0.0,PREY_WIN,1,0,100.0,0.0,0.0
658,-2.3099999999999947,350,0.0,PREY_WIN,1,0,100.0,0.0,0.0
659,-2.4099999999999926,350,0.0,PREY_WIN,1,0,99.45999999999998,0.0,0.0
660,-2.1899999999999973,350,0.0,PREY_WIN,1,0,100.0,0.0,0.0
661,30.732499999999995,120,0.0,PREDATOR_WIN,0,1,0.0,64.03250000000023,0.0
662,29.11249999999993,111,0.0,PREDATOR_WIN,0,1,0.0,68.50250000000008,0.0
663,-3.189999999999976,350,0.0,PREY_WIN,1,0,99.60999999999999,0.0,0.0
664,29.277499999999947,141,0.0,PREDATOR_WIN,0,1,0.0,53.06750000000025,0.0
665,-2.289999999999995,350,0.0,PREY_WIN,1,0,100.0,0.0,0.0
666,-2.1699999999999977,350,0.0,PREY_WIN,1,0,99.72999999999999,0.0,0.0
667,-2.339999999999994,350,0.0,PREY_WIN,1,0,100.0,0.0,0.0
668,30.049999999999997,195,0.0,PREDATOR_WIN,0,1,0.0,46.40000000000026,0.0
669,-2.679999999999987,350,0.0,PREY_WIN,1,0,99.45999999999998,0.0,0.0
670,-2.3599999999999937,350,0.0,PREY_WIN,1,0,99.33999999999997,0.0,0.0
671,-2.259999999999996,350,0.0,PREY_WIN,1,0,100.0,0.0,0.0
672,-2.239999999999996,350,0.0,PREY_WIN,1,0,100.0,0.0,0.0
673,-2.289999999999995,350,0.0,PREY_WIN,1,0,100.0,0.0,0.0
674,-2.1399999999999983,350,0.0,PREY_WIN,1,0,100.0,0.0,0.0
675,29.579999999999956,134,0.0,PREDATOR_WIN,0,1,0.0,57.140000000000256,0.0
676,-2.4599999999999915,350,0.0,PREY_WIN,1,0,99.72999999999999,0.0,0.0
677,31.97,3,0.0,PREDATOR_WIN,0,1,0.0,100.0,0.0
678,-2.6399999999999877,350,0.0,PREY_WIN,1,0,99.18999999999997,0.0,0.0
679,-2.3799999999999932,350,0.0,PREY_WIN,1,0,100.0,0.0,0.0
680,-2.569999999999989,350,0.0,PREY_WIN,1,0,100.0,0.0,0.0
681,-2.2199999999999966,350,0.0,PREY_WIN,1,0,99.18999999999997,0.0,0.0
682,-2.3599999999999937,350,0.0,PREY_WIN,1,0,100.0,0.0,0.0
683,-2.1399999999999983,350,0.0,PREY_WIN,1,0,100.0,0.0,0.0
684,29.592499999999987,207,0.0,PREDATOR_WIN,0,1,0.0,37.42250000000022,0.0
685,31.72,28,0.0,PREDATOR_WIN,0,1,0.0,100.0,0.0
686,-3.00999999999998,350,0.0,PREY_WIN,1,0,100.0,0.0,0.0
687,-2.479999999999991,350,0.0,PREY_WIN,1,0,100.0,0.0,0.0
688,-2.159999999999998,350,0.0,PREY_WIN,1,0,100.0,0.0,0.0
689,-2.5999999999999885,350,0.0,PREY_WIN,1,0,100.0,0.0,0.0
690,-2.259999999999996,350,0.0,PREY_WIN,1,0,100.0,0.0,0.0
691,-2.3799999999999932,350,0.0,PREY_WIN,1,0,100.0,0.0,0.0
692,-2.1699999999999977,350,0.0,PREY_WIN,1,0,99.45999999999998,0.0,0.0
693,-2.4199999999999924,350,0.0,PREY_WIN,1,0,99.72999999999999,0.0,0.0
694,-2.199999999999997,350,0.0,PREY_WIN,1,0,100.0,0.0,0.0
695,-2.3099999999999947,350,0.0,PREY_WIN,1,0,100.0,0.0,0.0
696,-2.209999999999997,350,0.0,PREY_WIN,1,0,100.0,0.0,0.0
697,-2.199999999999997,350,0.0,PREY_WIN,1,0,99.72999999999999,0.0,0.0
698,-2.2799999999999954,350,0.0,PREY_WIN,1,0,99.45999999999998,0.0,0.0
699,-2.289999999999995,350,0.0,PREY_WIN,1,0,100.0,0.0,0.0
700,-2.1899999999999973,350,0.0,PREY_WIN,1,0,100.0,0.0,0.0
701,-2.339999999999994,350,0.0,PREY_WIN,1,0,99.72999999999999,0.0,0.0
702,-2.299999999999995,350,0.0,PREY_WIN,1,0,99.45999999999998,0.0,0.0
703,-2.1699999999999977,350,0.0,PREY_WIN,1,0,100.0,0.0,0.0
704,-2.1899999999999973,350,0.0,PREY_WIN,1,0,99.72999999999999,0.0,0.0
705,-2.2299999999999964,350,0.0,PREY_WIN,1,0,96.57999999999987,0.0,0.0
706,-2.389999999999993,350,0.0,PREY_WIN,1,0,99.72999999999999,0.0,0.0
707,-2.159999999999998,350,0.0,PREY_WIN,1,0,100.0,0.0,0.0
708,-2.299999999999995,350,0.0,PREY_WIN,1,0,100.0,0.0,0.0
709,-2.2299999999999964,350,0.0,PREY_WIN,1,0,100.0,0.0,0.0
710,-2.159999999999998,350,0.0,PREY_WIN,1,0,100.0,0.0,0.0
711,31.09749999999999,70,0.0,PREDATOR_WIN,0,1,0.0,83.39749999999995,0.0
712,-2.489999999999991,350,0.0,PREY_WIN,1,0,99.60999999999999,0.0,0.0
713,-2.2199999999999966,350,0.0,PREY_WIN,1,0,99.33999999999997,0.0,0.0
714,30.512499999999985,115,0.0,PREDATOR_WIN,0,1,0.0,67.96250000000018,0.0
715,-2.5899999999999888,350,0.0,PREY_WIN,1,0,99.72999999999999,0.0,0.0
716,-2.259999999999996,350,0.0,PREY_WIN,1,0,100.0,0.0,0.0
717,-2.3799999999999932,350,0.0,PREY_WIN,1,0,100.0,0.0,0.0
718,-2.299999999999995,350,0.0,PREY_WIN,1,0,100.0,0.0,0.0
719,30.9,110,0.0,PREDATOR_WIN,0,1,0.0,68.60000000000016,0.0
720,-2.4099999999999926,350,0.0,PREY_WIN,1,0,99.72999999999999,0.0,0.0
721,-2.3199999999999945,350,0.0,PREY_WIN,1,0,100.0,0.0,0.0
722,-2.3199999999999945,350,0.0,PREY_WIN,1,0,99.72999999999999,0.0,0.0
723,-2.239999999999996,350,0.0,PREY_WIN,1,0,99.72999999999999,0.0,0.0
724,-2.239999999999996,350,0.0,PREY_WIN,1,0,100.0,0.0,0.0
725,31.189999999999998,81,0.0,PREDATOR_WIN,0,1,0.0,78.98,0.0
726,-2.6499999999999875,350,0.0,PREY_WIN,1,0,99.45999999999998,0.0,0.0
727,-2.4599999999999915,350,0.0,PREY_WIN,1,0,99.72999999999999,0.0,0.0
728,31.06,94,0.0,PREDATOR_WIN,0,1,0.0,75.32000000000005,0.0
729,-2.489999999999991,350,0.0,PREY_WIN,1,0,100.0,0.0,0.0
730,-2.4599999999999915,350,0.0,PREY_WIN,1,0,100.0,0.0,0.0
731,-2.2199999999999966,350,0.0,PREY_WIN,1,0,99.72999999999999,0.0,0.0
732,-2.1699999999999977,350,0.0,PREY_WIN,1,0,99.72999999999999,0.0,0.0
733,-2.2199999999999966,350,0.0,PREY_WIN,1,0,99.72999999999999,0.0,0.0
734,-2.259999999999996,350,0.0,PREY_WIN,1,0,100.0,0.0,0.0
735,-2.1899999999999973,350,0.0,PREY_WIN,1,0,100.0,0.0,0.0
736,-2.239999999999996,350,0.0,PREY_WIN,1,0,100.0,0.0,0.0
737,30.099999999999998,190,0.0,PREDATOR_WIN,0,1,0.0,36.80000000000025,0.0
738,-2.5599999999999894,350,0.0,PREY_WIN,1,0,100.0,0.0,0.0
739,-2.479999999999991,350,0.0,PREY_WIN,1,0,100.0,0.0,0.0
740,-2.209999999999997,350,0.0,PREY_WIN,1,0,100.0,0.0,0.0
741,-2.299999999999995,350,0.0,PREY_WIN,1,0,100.0,0.0,0.0
742,-2.2699999999999956,350,0.0,PREY_WIN,1,0,100.0,0.0,0.0
743,-2.209999999999997,350,0.0,PREY_WIN,1,0,100.0,0.0,0.0
744,-2.159999999999998,350,0.0,PREY_WIN,1,0,99.88,0.0,0.0
745,-2.389999999999993,350,0.0,PREY_WIN,1,0,99.72999999999999,0.0,0.0
746,-2.2799999999999954,350,0.0,PREY_WIN,1,0,99.72999999999999,0.0,0.0
747,-2.209999999999997,350,0.0,PREY_WIN,1,0,99.72999999999999,0.0,0.0
748,29.914999999999942,60,0.0,PREDATOR_WIN,0,1,0.0,86.61499999999984,0.0
749,-2.339999999999994,350,0.0,PREY_WIN,1,0,99.72999999999999,0.0,0.0
750,-2.2199999999999966,350,0.0,PREY_WIN,1,0,99.45999999999998,0.0,0.0
751,-2.289999999999995,350,0.0,PREY_WIN,1,0,100.0,0.0,0.0
752,-2.259999999999996,350,0.0,PREY_WIN,1,0,99.72999999999999,0.0,0.0
753,-2.389999999999993,350,0.0,PREY_WIN,1,0,100.0,0.0,0.0
754,-2.199999999999997,350,0.0,PREY_WIN,1,0,100.0,0.0,0.0
755,-2.1799999999999975,350,0.0,PREY_WIN,1,0,100.0,0.0,0.0
756,-2.289999999999995,350,0.0,PREY_WIN,1,0,100.0,0.0,0.0
757,29.824999999999992,201,0.0,PREDATOR_WIN,0,1,0.0,35.01500000000024,0.0
758,-2.399999999999993,350,0.0,PREY_WIN,1,0,100.0,0.0,0.0
759,29.82,218,0.0,PREDATOR_WIN,0,1,0.0,34.640000000000214,0.0
760,-2.759999999999985,350,0.0,PREY_WIN,1,0,100.0,0.0,0.0
761,-3.0599999999999787,350,0.0,PREY_WIN,1,0,100.0,0.0,0.0
762,-3.239999999999975,350,0.0,PREY_WIN,1,0,100.0,0.0,0.0
763,-2.569999999999989,350,0.0,PREY_WIN,1,0,100.0,0.0,0.0
764,-2.4099999999999926,350,0.0,PREY_WIN,1,0,100.0,0.0,0.0
765,-2.259999999999996,350,0.0,PREY_WIN,1,0,99.45999999999998,0.0,0.0
766,-2.2199999999999966,350,0.0,PREY_WIN,1,0,99.88,0.0,0.0
767,-2.339999999999994,350,0.0,PREY_WIN,1,0,100.0,0.0,0.0
768,-2.399999999999993,350,0.0,PREY_WIN,1,0,100.0,0.0,0.0
769,-2.5199999999999902,350,0.0,PREY_WIN,1,0,100.0,0.0,0.0
770,-2.5099999999999905,350,0.0,PREY_WIN,1,0,100.0,0.0,0.0
771,-2.4099999999999926,350,0.0,PREY_WIN,1,0,100.0,0.0,0.0
772,-2.1699999999999977,350,0.0,PREY_WIN,1,0,100.0,0.0,0.0
773,-2.6399999999999877,350,0.0,PREY_WIN,1,0,100.0,0.0,0.0
774,-2.7499999999999853,350,0.0,PREY_WIN,1,0,100.0,0.0,0.0
775,-2.52999999999999,350,0.0,PREY_WIN,1,0,99.88,0.0,0.0
776,-2.339999999999994,350,0.0,PREY_WIN,1,0,99.33999999999997,0.0,0.0
777,-2.429999999999992,350,0.0,PREY_WIN,1,0,99.72999999999999,0.0,0.0
778,-2.3699999999999934,350,0.0,PREY_WIN,1,0,100.0,0.0,0.0
779,-2.1899999999999973,350,0.0,PREY_WIN,1,0,100.0,0.0,0.0
780,-2.489999999999991,350,0.0,PREY_WIN,1,0,99.45999999999998,0.0,0.0
781,-2.53999999999999,350,0.0,PREY_WIN,1,0,100.0,0.0,0.0
782,-2.3199999999999945,350,0.0,PREY_WIN,1,0,99.72999999999999,0.0,0.0
783,-2.439999999999992,350,0.0,PREY_WIN,1,0,100.0,0.0,0.0
784,-2.7999999999999843,350,0.0,PREY_WIN,1,0,100.0,0.0,0.0
785,-2.4199999999999924,350,0.0,PREY_WIN,1,0,99.72999999999999,0.0,0.0
786,30.522499999999994,141,0.0,PREDATOR_WIN,0,1,0.0,53.71250000000031,0.0
787,-2.5199999999999902,350,0.0,PREY_WIN,1,0,99.72999999999999,0.0,0.0
788,-2.159999999999998,350,0.0,PREY_WIN,1,0,100.0,0.0,0.0
789,-2.759999999999985,350,0.0,PREY_WIN,1,0,100.0,0.0,0.0
790,-2.619999999999988,350,0.0,PREY_WIN,1,0,100.0,0.0,0.0
791,-2.159999999999998,350,0.0,PREY_WIN,1,0,100.0,0.0,0.0
792,-2.259999999999996,350,0.0,PREY_WIN,1,0,100.0,0.0,0.0
793,-2.3099999999999947,350,0.0,PREY_WIN,1,0,100.0,0.0,0.0
794,-2.249999999999996,350,0.0,PREY_WIN,1,0,99.72999999999999,0.0,0.0
795,30.889999999999997,111,0.0,PREDATOR_WIN,0,1,0.0,66.08000000000021,0.0
796,-2.439999999999992,350,0.0,PREY_WIN,1,0,100.0,0.0,0.0
797,-2.4499999999999917,350,0.0,PREY_WIN,1,0,100.0,0.0,0.0
798,-2.429999999999992,350,0.0,PREY_WIN,1,0,100.0,0.0,0.0
799,-2.209999999999997,350,0.0,PREY_WIN,1,0,100.0,0.0,0.0
800,-2.339999999999994,350,0.0,PREY_WIN,1,0,100.0,0.0,0.0
801,-2.259999999999996,350,0.0,PREY_WIN,1,0,99.72999999999999,0.0,0.0
802,-2.259999999999996,350,0.0,PREY_WIN,1,0,100.0,0.0,0.0
803,-2.259999999999996,350,0.0,PREY_WIN,1,0,100.0,0.0,0.0
804,-2.339999999999994,350,0.0,PREY_WIN,1,0,100.0,0.0,0.0
805,-2.2799999999999954,350,0.0,PREY_WIN,1,0,100.0,0.0,0.0
806,-2.259999999999996,350,0.0,PREY_WIN,1,0,100.0,0.0,0.0
807,-2.249999999999996,350,0.0,PREY_WIN,1,0,100.0,0.0,0.0
808,-2.199999999999997,350,0.0,PREY_WIN,1,0,99.72999999999999,0.0,0.0
809,-2.3099999999999947,350,0.0,PREY_WIN,1,0,100.0,0.0,0.0
810,-2.1699999999999977,350,0.0,PREY_WIN,1,0,100.0,0.0,0.0
811,-2.199999999999997,350,0.0,PREY_WIN,1,0,100.0,0.0,0.0
812,-2.1899999999999973,350,0.0,PREY_WIN,1,0,100.0,0.0,0.0
813,-2.259999999999996,350,0.0,PREY_WIN,1,0,100.0,0.0,0.0
814,-2.1799999999999975,350,0.0,PREY_WIN,1,0,100.0,0.0,0.0
815,-2.4099999999999926,350,0.0,PREY_WIN,1,0,100.0,0.0,0.0
816,-2.4599999999999915,350,0.0,PREY_WIN,1,0,100.0,0.0,0.0
817,30.842499999999973,52,0.0,PREDATOR_WIN,0,1,0.0,89.62249999999986,0.0
818,-2.759999999999985,350,0.0,PREY_WIN,1,0,100.0,0.0,0.0
819,-2.1399999999999983,350,0.0,PREY_WIN,1,0,100.0,0.0,0.0
820,-2.4699999999999913,350,0.0,PREY_WIN,1,0,100.0,0.0,0.0
821,29.43000000000001,257,0.0,PREDATOR_WIN,0,1,0.0,26.360000000000166,0.0
822,-2.3099999999999947,350,0.0,PREY_WIN,1,0,100.0,0.0,0.0
823,-3.0599999999999787,350,0.0,PREY_WIN,1,0,99.88,0.0,0.0
824,-2.5599999999999894,350,0.0,PREY_WIN,1,0,100.0,0.0,0.0
825,-2.1399999999999983,350,0.0,PREY_WIN,1,0,100.0,0.0,0.0
826,-2.429999999999992,350,0.0,PREY_WIN,1,0,100.0,0.0,0.0
827,30.002499999999994,193,0.0,PREDATOR_WIN,0,1,0.0,40.572500000000225,0.0
828,-2.909999999999982,350,0.0,PREY_WIN,1,0,100.0,0.0,0.0
829,30.932499999999983,70,0.0,PREDATOR_WIN,0,1,0.0,82.33249999999995,0.0
830,-2.6899999999999866,350,0.0,PREY_WIN,1,0,100.0,0.0,0.0
831,-2.389999999999993,350,0.0,PREY_WIN,1,0,99.72999999999999,0.0,0.0
832,-2.3599999999999937,350,0.0,PREY_WIN,1,0,100.0,0.0,0.0
833,-2.289999999999995,350,0.0,PREY_WIN,1,0,100.0,0.0,0.0
834,-2.439999999999992,350,0.0,PREY_WIN,1,0,99.72999999999999,0.0,0.0
835,-2.6099999999999883,350,0.0,PREY_WIN,1,0,100.0,0.0,0.0
836,29.199999999999957,169,0.0,PREDATOR_WIN,0,1,0.0,52.31000000000022,0.0
837,-2.239999999999996,350,0.0,PREY_WIN,1,0,100.0,0.0,0.0
838,30.489999999999995,145,0.0,PREDATOR_WIN,0,1,0.0,54.74000000000029,0.0
839,-2.3599999999999937,350,0.0,PREY_WIN,1,0,99.72999999999999,0.0,0.0
840,-2.289999999999995,350,0.0,PREY_WIN,1,0,100.0,0.0,0.0
841,-2.4099999999999926,350,0.0,PREY_WIN,1,0,100.0,0.0,0.0
842,-2.2799999999999954,350,0.0,PREY_WIN,1,0,100.0,0.0,0.0
843,-2.159999999999998,350,0.0,PREY_WIN,1,0,100.0,0.0,0.0
844,-2.429999999999992,350,0.0,PREY_WIN,1,0,100.0,0.0,0.0
845,-2.389999999999993,350,0.0,PREY_WIN,1,0,100.0,0.0,0.0
846,-2.3099999999999947,350,0.0,PREY_WIN,1,0,100.0,0.0,0.0
847,-2.389999999999993,350,0.0,PREY_WIN,1,0,100.0,0.0,0.0
848,-2.239999999999996,350,0.0,PREY_WIN,1,0,100.0,0.0,0.0
849,-2.439999999999992,350,0.0,PREY_WIN,1,0,100.0,0.0,0.0
850,-2.4699999999999913,350,0.0,PREY_WIN,1,0,100.0,0.0,0.0
851,-2.2299999999999964,350,0.0,PREY_WIN,1,0,99.72999999999999,0.0,0.0
852,-2.159999999999998,350,0.0,PREY_WIN,1,0,100.0,0.0,0.0
853,-2.53999999999999,350,0.0,PREY_WIN,1,0,100.0,0.0,0.0
854,-2.259999999999996,350,0.0,PREY_WIN,1,0,100.0,0.0,0.0
855,30.479999999999997,152,0.0,PREDATOR_WIN,0,1,0.0,51.260000000000275,0.0
856,-2.4599999999999915,350,0.0,PREY_WIN,1,0,100.0,0.0,0.0
857,-2.1899999999999973,350,0.0,PREY_WIN,1,0,100.0,0.0,0.0
858,-2.4499999999999917,350,0.0,PREY_WIN,1,0,100.0,0.0,0.0
859,30.404999999999983,119,0.0,PREDATOR_WIN,0,1,0.0,65.91500000000019,0.0
860,-2.759999999999985,350,0.0,PREY_WIN,1,0,100.0,0.0,0.0
861,31.04,96,0.0,PREDATOR_WIN,0,1,0.0,71.48000000000013,0.0
862,-2.719999999999986,350,0.0,PREY_WIN,1,0,99.72999999999999,0.0,0.0
863,-2.259999999999996,350,0.0,PREY_WIN,1,0,100.0,0.0,0.0
864,-2.5499999999999896,350,0.0,PREY_WIN,1,0,99.72999999999999,0.0,0.0
865,-2.1799999999999975,350,0.0,PREY_WIN,1,0,99.72999999999999,0.0,0.0
866,-2.6499999999999875,350,0.0,PREY_WIN,1,0,99.72999999999999,0.0,0.0
867,-2.429999999999992,350,0.0,PREY_WIN,1,0,100.0,0.0,0.0
868,-2.1799999999999975,350,0.0,PREY_WIN,1,0,100.0,0.0,0.0
869,-2.339999999999994,350,0.0,PREY_WIN,1,0,100.0,0.0,0.0
870,30.749999999999986,98,0.0,PREDATOR_WIN,0,1,0.0,72.7700000000001,0.0
871,-2.3699999999999934,350,0.0,PREY_WIN,1,0,100.0,0.0,0.0
872,-2.439999999999992,350,0.0,PREY_WIN,1,0,100.0,0.0,0.0
873,-2.4499999999999917,350,0.0,PREY_WIN,1,0,100.0,0.0,0.0
874,29.66749999999997,159,0.0,PREDATOR_WIN,0,1,0.0,57.77750000000023,0.0
875,-2.1899999999999973,350,0.0,PREY_WIN,1,0,100.0,0.0,0.0
876,-2.1699999999999977,350,0.0,PREY_WIN,1,0,100.0,0.0,0.0
877,-2.3099999999999947,350,0.0,PREY_WIN,1,0,99.72999999999999,0.0,0.0
878,-2.349999999999994,350,0.0,PREY_WIN,1,0,99.88,0.0,0.0
879,-2.149999999999998,350,0.0,PREY_WIN,1,0,100.0,0.0,0.0
880,-2.299999999999995,350,0.0,PREY_WIN,1,0,100.0,0.0,0.0
881,-2.159999999999998,350,0.0,PREY_WIN,1,0,99.18999999999997,0.0,0.0
882,30.904999999999994,96,0.0,PREDATOR_WIN,0,1,0.0,71.34500000000013,0.0
883,-2.299999999999995,350,0.0,PREY_WIN,1,0,99.72999999999999,0.0,0.0
884,-2.6099999999999883,350,0.0,PREY_WIN,1,0,99.72999999999999,0.0,0.0
885,-2.249999999999996,350,0.0,PREY_WIN,1,0,100.0,0.0,0.0
886,-2.429999999999992,350,0.0,PREY_WIN,1,0,100.0,0.0,0.0
887,-2.6499999999999875,350,0.0,PREY_WIN,1,0,100.0,0.0,0.0
888,-2.3699999999999934,350,0.0,PREY_WIN,1,0,100.0,0.0,0.0
889,-2.579999999999989,350,0.0,PREY_WIN,1,0,100.0,0.0,0.0
890,-2.3199999999999945,350,0.0,PREY_WIN,1,0,100.0,0.0,0.0
891,-2.3099999999999947,350,0.0,PREY_WIN,1,0,100.0,0.0,0.0
892,-2.4099999999999926,350,0.0,PREY_WIN,1,0,100.0,0.0,0.0
893,-2.6899999999999866,350,0.0,PREY_WIN,1,0,100.0,0.0,0.0
894,-2.2299999999999964,350,0.0,PREY_WIN,1,0,99.18999999999997,0.0,0.0
895,-3.289999999999974,350,0.0,PREY_WIN,1,0,100.0,0.0,0.0
896,-2.6099999999999883,350,0.0,PREY_WIN,1,0,100.0,0.0,0.0
897,-2.669999999999987,350,0.0,PREY_WIN,1,0,100.0,0.0,0.0
898,-2.3199999999999945,350,0.0,PREY_WIN,1,0,100.0,0.0,0.0
899,31.919999999999998,8,0.0,PREDATOR_WIN,0,1,0.0,100.0,0.0
900,-2.439999999999992,350,0.0,PREY_WIN,1,0,100.0,0.0,0.0
901,-2.1699999999999977,350,0.0,PREY_WIN,1,0,99.45999999999998,0.0,0.0
902,-2.1899999999999973,350,0.0,PREY_WIN,1,0,99.72999999999999,0.0,0.0
903,-2.1899999999999973,350,0.0,PREY_WIN,1,0,100.0,0.0,0.0
904,-2.2799999999999954,350,0.0,PREY_WIN,1,0,100.0,0.0,0.0
905,31.089999999999996,91,0.0,PREDATOR_WIN,0,1,0.0,81.37999999999994,0.0
906,29.952499999999954,90,0.0,PREDATOR_WIN,0,1,0.0,80.05249999999992,0.0
907,-2.4699999999999913,350,0.0,PREY_WIN,1,0,100.0,0.0,0.0
908,29.862499999999944,69,0.0,PREDATOR_WIN,0,1,0.0,85.57249999999982,0.0
909,-2.209999999999997,350,0.0,PREY_WIN,1,0,100.0,0.0,0.0
910,-2.149999999999998,350,0.0,PREY_WIN,1,0,100.0,0.0,0.0
911,-2.239999999999996,350,0.0,PREY_WIN,1,0,99.72999999999999,0.0,0.0
912,-2.209999999999997,350,0.0,PREY_WIN,1,0,100.0,0.0,0.0
913,-2.1899999999999973,350,0.0,PREY_WIN,1,0,100.0,0.0,0.0
914,-2.2699999999999956,350,0.0,PREY_WIN,1,0,100.0,0.0,0.0
915,-2.2799999999999954,350,0.0,PREY_WIN,1,0,99.72999999999999,0.0,0.0
916,-2.2299999999999964,350,0.0,PREY_WIN,1,0,99.72999999999999,0.0,0.0
917,24.26749999999999,3,0.0,PREDATOR_WIN,0,1,0.0,100.0,0.0
918,-2.349999999999994,350,0.0,PREY_WIN,1,0,100.0,0.0,0.0
919,-2.209999999999997,350,0.0,PREY_WIN,1,0,100.0,0.0,0.0
920,-2.209999999999997,350,0.0,PREY_WIN,1,0,100.0,0.0,0.0
921,-2.1899999999999973,350,0.0,PREY_WIN,1,0,99.72999999999999,0.0,0.0
922,29.734999999999996,213,0.0,PREDATOR_WIN,0,1,0.0,32.405000000000236,0.0
923,-2.6399999999999877,350,0.0,PREY_WIN,1,0,100.0,0.0,0.0
924,-2.5999999999999885,350,0.0,PREY_WIN,1,0,100.0,0.0,0.0
925,-2.9699999999999807,350,0.0,PREY_WIN,1,0,100.0,0.0,0.0
926,-2.159999999999998,350,0.0,PREY_WIN,1,0,100.0,0.0,0.0
927,-2.339999999999994,350,0.0,PREY_WIN,1,0,100.0,0.0,0.0
928,-2.199999999999997,350,0.0,PREY_WIN,1,0,100.0,0.0,0.0
929,-2.2299999999999964,350,0.0,PREY_WIN,1,0,100.0,0.0,0.0
930,-2.199999999999997,350,0.0,PREY_WIN,1,0,100.0,0.0,0.0
931,-2.339999999999994,350,0.0,PREY_WIN,1,0,99.72999999999999,0.0,0.0
932,-2.199999999999997,350,0.0,PREY_WIN,1,0,100.0,0.0,0.0
933,-2.209999999999997,350,0.0,PREY_WIN,1,0,99.72999999999999,0.0,0.0
934,-2.199999999999997,350,0.0,PREY_WIN,1,0,100.0,0.0,0.0
935,-2.159999999999998,350,0.0,PREY_WIN,1,0,100.0,0.0,0.0
936,-2.3699999999999934,350,0.0,PREY_WIN,1,0,100.0,0.0,0.0
937,-2.209999999999997,350,0.0,PREY_WIN,1,0,100.0,0.0,0.0
938,-2.3099999999999947,350,0.0,PREY_WIN,1,0,100.0,0.0,0.0
939,-2.1899999999999973,350,0.0,PREY_WIN,1,0,100.0,0.0,0.0
940,-2.209999999999997,350,0.0,PREY_WIN,1,0,100.0,0.0,0.0
941,-2.1899999999999973,350,0.0,PREY_WIN,1,0,100.0,0.0,0.0
942,-2.209999999999997,350,0.0,PREY_WIN,1,0,99.72999999999999,0.0,0.0
943,31.779999999999998,22,0.0,PREDATOR_WIN,0,1,0.0,100.0,0.0
944,-2.1899999999999973,350,0.0,PREY_WIN,1,0,100.0,0.0,0.0
945,-2.1899999999999973,350,0.0,PREY_WIN,1,0,100.0,0.0,0.0
946,-2.209999999999997,350,0.0,PREY_WIN,1,0,100.0,0.0,0.0
947,-2.259999999999996,350,0.0,PREY_WIN,1,0,100.0,0.0,0.0
948,31.322499999999994,61,0.0,PREDATOR_WIN,0,1,0.0,86.11249999999993,0.0
949,-2.439999999999992,350,0.0,PREY_WIN,1,0,99.88,0.0,0.0
950,-2.2699999999999956,350,0.0,PREY_WIN,1,0,100.0,0.0,0.0
951,-2.249999999999996,350,0.0,PREY_WIN,1,0,100.0,0.0,0.0
952,-2.259999999999996,350,0.0,PREY_WIN,1,0,99.45999999999998,0.0,0.0
953,-2.1899999999999973,350,0.0,PREY_WIN,1,0,99.72999999999999,0.0,0.0
954,-2.199999999999997,350,0.0,PREY_WIN,1,0,100.0,0.0,0.0
955,31.299999999999997,70,0.0,PREDATOR_WIN,0,1,0.0,82.69999999999997,0.0
956,31.612499999999997,32,0.0,PREDATOR_WIN,0,1,0.0,99.19249999999991,0.0
957,-2.209999999999997,350,0.0,PREY_WIN,1,0,99.72999999999999,0.0,0.0
958,30.932499999999994,100,0.0,PREDATOR_WIN,0,1,0.0,78.13249999999994,0.0
959,-2.6399999999999877,350,0.0,PREY_WIN,1,0,100.0,0.0,0.0
960,-2.1199999999999988,350,0.0,PREY_WIN,1,0,100.0,0.0,0.0
961,-2.209999999999997,350,0.0,PREY_WIN,1,0,100.0,0.0,0.0
962,-2.1899999999999973,350,0.0,PREY_WIN,1,0,100.0,0.0,0.0
963,-2.3099999999999947,350,0.0,PREY_WIN,1,0,100.0,0.0,0.0
964,-2.1299999999999986,350,0.0,PREY_WIN,1,0,100.0,0.0,0.0
965,-2.3099999999999947,350,0.0,PREY_WIN,1,0,100.0,0.0,0.0
966,-2.1399999999999983,350,0.0,PREY_WIN,1,0,100.0,0.0,0.0
967,-2.3799999999999932,350,0.0,PREY_WIN,1,0,100.0,0.0,0.0
968,30.97,103,0.0,PREDATOR_WIN,0,1,0.0,69.44000000000015,0.0
969,-2.159999999999998,350,0.0,PREY_WIN,1,0,100.0,0.0,0.0
970,-2.489999999999991,350,0.0,PREY_WIN,1,0,100.0,0.0,0.0
971,-2.3299999999999943,350,0.0,PREY_WIN,1,0,100.0,0.0,0.0
972,-2.259999999999996,350,0.0,PREY_WIN,1,0,100.0,0.0,0.0
973,-2.249999999999996,350,0.0,PREY_WIN,1,0,100.0,0.0,0.0
974,-2.149999999999998,350,0.0,PREY_WIN,1,0,100.0,0.0,0.0
975,-2.2699999999999956,350,0.0,PREY_WIN,1,0,100.0,0.0,0.0
976,-2.2299999999999964,350,0.0,PREY_WIN,1,0,100.0,0.0,0.0
977,-2.159999999999998,350,0.0,PREY_WIN,1,0,100.0,0.0,0.0
978,-2.3699999999999934,350,0.0,PREY_WIN,1,0,100.0,0.0,0.0
979,-2.1899999999999973,350,0.0,PREY_WIN,1,0,100.0,0.0,0.0
980,-2.109999999999999,350,0.0,PREY_WIN,1,0,100.0,0.0,0.0
981,-2.259999999999996,350,0.0,PREY_WIN,1,0,100.0,0.0,0.0
982,-2.1899999999999973,350,0.0,PREY_WIN,1,0,100.0,0.0,0.0
983,-2.1899999999999973,350,0.0,PREY_WIN,1,0,100.0,0.0,0.0
984,-2.439999999999992,350,0.0,PREY_WIN,1,0,100.0,0.0,0.0
985,-2.239999999999996,350,0.0,PREY_WIN,1,0,100.0,0.0,0.0
986,-2.3199999999999945,350,0.0,PREY_WIN,1,0,100.0,0.0,0.0
987,-2.2199999999999966,350,0.0,PREY_WIN,1,0,99.72999999999999,0.0,0.0
988,-2.289999999999995,350,0.0,PREY_WIN,1,0,100.0,0.0,0.0
989,29.932499999999994,200,0.0,PREDATOR_WIN,0,1,0.0,31.33250000000023,0.0
990,-2.6099999999999883,350,0.0,PREY_WIN,1,0,100.0,0.0,0.0
991,-2.9299999999999815,350,0.0,PREY_WIN,1,0,99.88,0.0,0.0
992,30.679999999999975,75,0.0,PREDATOR_WIN,0,1,0.0,80.92999999999995,0.0
993,-2.8399999999999834,350,0.0,PREY_WIN,1,0,99.88,0.0,0.0
994,-2.289999999999995,350,0.0,PREY_WIN,1,0,99.72999999999999,0.0,0.0
995,-2.239999999999996,350,0.0,PREY_WIN,1,0,100.0,0.0,0.0
996,30.674999999999994,119,0.0,PREDATOR_WIN,0,1,0.0,68.28500000000008,0.0
997,30.74,126,0.0,PREDATOR_WIN,0,1,0.0,59.480000000000274,0.0
998,-2.99999999999998,350,0.0,PREY_WIN,1,0,100.0,0.0,0.0
999,-3.0199999999999796,350,0.0,PREY_WIN,1,0,100.0,0.0,0.0
1000,29.57999999999999,215,0.0,PREDATOR_WIN,0,1,0.0,25.130000000000248,0.0
1001,-2.479999999999991,350,0.0,PREY_WIN,1,0,100.0,0.0,0.0
1002,-2.709999999999986,350,0.0,PREY_WIN,1,0,100.0,0.0,0.0
1003,-2.239999999999996,350,0.0,PREY_WIN,1,0,100.0,0.0,0.0
1004,-2.3299999999999943,350,0.0,PREY_WIN,1,0,100.0,0.0,0.0
1005,-2.199999999999997,350,0.0,PREY_WIN,1,0,99.72999999999999,0.0,0.0
1006,30.889999999999986,84,0.0,PREDATOR_WIN,0,1,0.0,78.05000000000001,0.0
1007,-2.4499999999999917,350,0.0,PREY_WIN,1,0,100.0,0.0,0.0
1008,-2.959999999999981,350,0.0,PREY_WIN,1,0,100.0,0.0,0.0
1009,31.63,37,0.0,PREDATOR_WIN,0,1,0.0,95.35999999999993,0.0
1010,-2.289999999999995,350,0.0,PREY_WIN,1,0,100.0,0.0,0.0
1011,-2.259999999999996,350,0.0,PREY_WIN,1,0,100.0,0.0,0.0
1012,-2.159999999999998,350,0.0,PREY_WIN,1,0,100.0,0.0,0.0
1013,-2.389999999999993,350,0.0,PREY_WIN,1,0,100.0,0.0,0.0
1014,31.979999999999997,2,0.0,PREDATOR_WIN,0,1,0.0,100.0,0.0
1015,29.939999999999998,206,0.0,PREDATOR_WIN,0,1,0.0,29.18000000000024,0.0
1016,31.019999999999996,98,0.0,PREDATOR_WIN,0,1,0.0,70.94000000000014,0.0
1017,30.889999999999997,111,0.0,PREDATOR_WIN,0,1,0.0,68.18000000000018,0.0
1018,-3.139999999999977,350,0.0,PREY_WIN,1,0,99.45999999999998,0.0,0.0
1019,-2.7399999999999856,350,0.0,PREY_WIN,1,0,99.88,0.0,0.0
1020,-3.089999999999978,350,0.0,PREY_WIN,1,0,100.0,0.0,0.0
1021,-2.8399999999999834,350,0.0,PREY_WIN,1,0,100.0,0.0,0.0
1022,-2.3799999999999932,350,0.0,PREY_WIN,1,0,100.0,0.0,0.0
1023,-2.3199999999999945,350,0.0,PREY_WIN,1,0,100.0,0.0,0.0
1024,-2.5599999999999894,350,0.0,PREY_WIN,1,0,100.0,0.0,0.0
1025,-2.389999999999993,350,0.0,PREY_WIN,1,0,100.0,0.0,0.0
1026,-2.389999999999993,350,0.0,PREY_WIN,1,0,100.0,0.0,0.0
1027,-2.5599999999999894,350,0.0,PREY_WIN,1,0,100.0,0.0,0.0
1028,-2.5599999999999894,350,0.0,PREY_WIN,1,0,100.0,0.0,0.0
1029,-2.339999999999994,350,0.0,PREY_WIN,1,0,100.0,0.0,0.0
1030,-2.709999999999986,350,0.0,PREY_WIN,1,0,99.72999999999999,0.0,0.0
1031,-2.2199999999999966,350,0.0,PREY_WIN,1,0,100.0,0.0,0.0
1032,-2.3099999999999947,350,0.0,PREY_WIN,1,0,100.0,0.0,0.0
1033,-2.439999999999992,350,0.0,PREY_WIN,1,0,100.0,0.0,0.0
1034,-2.1799999999999975,350,0.0,PREY_WIN,1,0,100.0,0.0,0.0
1035,-2.489999999999991,350,0.0,PREY_WIN,1,0,100.0,0.0,0.0
1036,-2.299999999999995,350,0.0,PREY_WIN,1,0,100.0,0.0,0.0
1037,-2.2699999999999956,350,0.0,PREY_WIN,1,0,100.0,0.0,0.0
1038,29.339999999999993,236,0.0,PREDATOR_WIN,0,1,0.0,31.88000000000021,0.0
1039,-2.9899999999999802,350,0.0,PREY_WIN,1,0,100.0,0.0,0.0
1040,-2.579999999999989,350,0.0,PREY_WIN,1,0,100.0,0.0,0.0
1041,30.58,142,0.0,PREDATOR_WIN,0,1,0.0,72.56000000000012,0.0
1042,31.369999999999997,63,0.0,PREDATOR_WIN,0,1,0.0,84.73999999999997,0.0
1043,-2.159999999999998,350,0.0,PREY_WIN,1,0,100.0,0.0,0.0
1044,29.19999999999998,226,0.0,PREDATOR_WIN,0,1,0.0,55.94000000000035,0.0
1045,-2.5999999999999885,350,0.0,PREY_WIN,1,0,99.18999999999997,0.0,0.0
1046,-2.52999999999999,350,0.0,PREY_WIN,1,0,100.0,0.0,0.0
1047,-2.3299999999999943,350,0.0,PREY_WIN,1,0,100.0,0.0,0.0
1048,-2.3299999999999943,350,0.0,PREY_WIN,1,0,100.0,0.0,0.0
1049,31.619999999999997,38,0.0,PREDATOR_WIN,0,1,0.0,95.23999999999992,0.0
1050,-2.6899999999999866,350,0.0,PREY_WIN,1,0,100.0,0.0,0.0
1051,31.212499999999995,72,0.0,PREDATOR_WIN,0,1,0.0,82.39249999999998,0.0
1052,-2.5499999999999896,350,0.0,PREY_WIN,1,0,100.0,0.0,0.0
1053,-2.199999999999997,350,0.0,PREY_WIN,1,0,100.0,0.0,0.0
1054,-2.489999999999991,350,0.0,PREY_WIN,1,0,100.0,0.0,0.0
1055,-2.1899999999999973,350,0.0,PREY_WIN,1,0,100.0,0.0,0.0
1056,-2.2199999999999966,350,0.0,PREY_WIN,1,0,100.0,0.0,0.0
1057,-2.209999999999997,350,0.0,PREY_WIN,1,0,99.45999999999998,0.0,0.0
1058,-2.1899999999999973,350,0.0,PREY_WIN,1,0,99.72999999999999,0.0,0.0
1059,-2.1899999999999973,350,0.0,PREY_WIN,1,0,99.88,0.0,0.0
1060,-2.199999999999997,350,0.0,PREY_WIN,1,0,100.0,0.0,0.0
1061,-2.1899999999999973,350,0.0,PREY_WIN,1,0,100.0,0.0,0.0
1062,31.089999999999996,91,0.0,PREDATOR_WIN,0,1,0.0,76.58000000000004,0.0
1063,-2.7399999999999856,350,0.0,PREY_WIN,1,0,99.72999999999999,0.0,0.0
1064,-2.3299999999999943,350,0.0,PREY_WIN,1,0,100.0,0.0,0.0
1065,-2.399999999999993,350,0.0,PREY_WIN,1,0,100.0,0.0,0.0
1066,31.409999999999997,59,0.0,PREDATOR_WIN,0,1,0.0,88.81999999999988,0.0
1067,-2.1799999999999975,350,0.0,PREY_WIN,1,0,100.0,0.0,0.0
1068,-2.199999999999997,350,0.0,PREY_WIN,1,0,100.0,0.0,0.0
1069,31.462499999999995,47,0.0,PREDATOR_WIN,0,1,0.0,90.49249999999992,0.0
1070,-2.239999999999996,350,0.0,PREY_WIN,1,0,99.72999999999999,0.0,0.0
1071,-2.299999999999995,350,0.0,PREY_WIN,1,0,100.0,0.0,0.0
1072,31.599999999999998,40,0.0,PREDATOR_WIN,0,1,0.0,93.79999999999993,0.0
1073,-2.909999999999982,350,0.0,PREY_WIN,1,0,99.72999999999999,0.0,0.0
1074,-2.3099999999999947,350,0.0,PREY_WIN,1,0,100.0,0.0,0.0
1075,-2.239999999999996,350,0.0,PREY_WIN,1,0,100.0,0.0,0.0
1076,31.75,25,0.0,PREDATOR_WIN,0,1,0.0,100.0,0.0
1077,-2.199999999999997,350,0.0,PREY_WIN,1,0,100.0,0.0,0.0
1078,-2.2299999999999964,350,0.0,PREY_WIN,1,0,100.0,0.0,0.0
1079,-2.1899999999999973,350,0.0,PREY_WIN,1,0,100.0,0.0,0.0
1080,-2.3099999999999947,350,0.0,PREY_WIN,1,0,100.0,0.0,0.0
1081,-2.239999999999996,350,0.0,PREY_WIN,1,0,100.0,0.0,0.0
1082,-2.209999999999997,350,0.0,PREY_WIN,1,0,100.0,0.0,0.0
1083,-2.1899999999999973,350,0.0,PREY_WIN,1,0,100.0,0.0,0.0
1084,-2.159999999999998,350,0.0,PREY_WIN,1,0,100.0,0.0,0.0
1085,-2.3099999999999947,350,0.0,PREY_WIN,1,0,89.2899999999996,0.0,0.0
1086,-2.1399999999999983,350,0.0,PREY_WIN,1,0,100.0,0.0,0.0
1087,-2.209999999999997,350,0.0,PREY_WIN,1,0,100.0,0.0,0.0
1088,-2.209999999999997,350,0.0,PREY_WIN,1,0,99.88,0.0,0.0
1089,-2.259999999999996,350,0.0,PREY_WIN,1,0,99.45999999999998,0.0,0.0
1090,-2.3099999999999947,350,0.0,PREY_WIN,1,0,99.72999999999999,0.0,0.0
1091,-2.239999999999996,350,0.0,PREY_WIN,1,0,100.0,0.0,0.0
1092,-2.3599999999999937,350,0.0,PREY_WIN,1,0,100.0,0.0,0.0
1093,31.849999999999998,15,0.0,PREDATOR_WIN,0,1,0.0,100.0,0.0
1094,-2.1899999999999973,350,0.0,PREY_WIN,1,0,100.0,0.0,0.0
1095,-2.199999999999997,350,0.0,PREY_WIN,1,0,100.0,0.0,0.0
1096,-2.259999999999996,350,0.0,PREY_WIN,1,0,100.0,0.0,0.0
1097,-2.6899999999999866,350,0.0,PREY_WIN,1,0,100.0,0.0,0.0
1098,30.129999999999978,133,0.0,PREDATOR_WIN,0,1,0.0,60.200000000000216,0.0
1099,-2.429999999999992,350,0.0,PREY_WIN,1,0,100.0,0.0,0.0
1100,-2.249999999999996,350,0.0,PREY_WIN,1,0,100.0,0.0,0.0
1101,-2.209999999999997,350,0.0,PREY_WIN,1,0,100.0,0.0,0.0
1102,31.04,96,0.0,PREDATOR_WIN,0,1,0.0,81.67999999999986,0.0
1103,31.354999999999983,24,0.0,PREDATOR_WIN,0,1,0.0,100.0,0.0
1104,-2.489999999999991,350,0.0,PREY_WIN,1,0,100.0,0.0,0.0
1105,-2.159999999999998,350,0.0,PREY_WIN,1,0,100.0,0.0,0.0
1106,-2.1899999999999973,350,0.0,PREY_WIN,1,0,100.0,0.0,0.0
1107,-2.2299999999999964,350,0.0,PREY_WIN,1,0,100.0,0.0,0.0
1108,-2.4099999999999926,350,0.0,PREY_WIN,1,0,99.72999999999999,0.0,0.0
1109,-2.209999999999997,350,0.0,PREY_WIN,1,0,100.0,0.0,0.0
1110,29.819999999999975,164,0.0,PREDATOR_WIN,0,1,0.0,50.480000000000175,0.0
1111,-2.3599999999999937,350,0.0,PREY_WIN,1,0,99.72999999999999,0.0,0.0
1112,-2.6899999999999866,350,0.0,PREY_WIN,1,0,100.0,0.0,0.0
1113,-2.159999999999998,350,0.0,PREY_WIN,1,0,100.0,0.0,0.0
1114,-2.1399999999999983,350,0.0,PREY_WIN,1,0,99.33999999999997,0.0,0.0
1115,-2.209999999999997,350,0.0,PREY_WIN,1,0,100.0,0.0,0.0
1116,-2.239999999999996,350,0.0,PREY_WIN,1,0,100.0,0.0,0.0
1117,31.389999999999997,61,0.0,PREDATOR_WIN,0,1,0.0,86.47999999999993,0.0
1118,-2.569999999999989,350,0.0,PREY_WIN,1,0,100.0,0.0,0.0
1119,-2.249999999999996,350,0.0,PREY_WIN,1,0,100.0,0.0,0.0
1120,-2.1399999999999983,350,0.0,PREY_WIN,1,0,100.0,0.0,0.0
1121,-2.1899999999999973,350,0.0,PREY_WIN,1,0,100.0,0.0,0.0
1122,-2.259999999999996,350,0.0,PREY_WIN,1,0,99.72999999999999,0.0,0.0
1123,30.442499999999995,149,0.0,PREDATOR_WIN,0,1,0.0,59.052500000000265,0.0
1124,-2.289999999999995,350,0.0,PREY_WIN,1,0,100.0,0.0,0.0
1125,-2.4499999999999917,350,0.0,PREY_WIN,1,0,100.0,0.0,0.0
1126,-2.7399999999999856,350,0.0,PREY_WIN,1,0,100.0,0.0,0.0
1127,-2.159999999999998,350,0.0,PREY_WIN,1,0,100.0,0.0,0.0
1128,-2.159999999999998,350,0.0,PREY_WIN,1,0,100.0,0.0,0.0
1129,-2.259999999999996,350,0.0,PREY_WIN,1,0,99.45999999999998,0.0,0.0
1130,-2.209999999999997,350,0.0,PREY_WIN,1,0,100.0,0.0,0.0
1131,-2.209999999999997,350,0.0,PREY_WIN,1,0,99.72999999999999,0.0,0.0
1132,-2.159999999999998,350,0.0,PREY_WIN,1,0,100.0,0.0,0.0
1133,-2.3299999999999943,350,0.0,PREY_WIN,1,0,99.72999999999999,0.0,0.0
1134,-2.3299999999999943,350,0.0,PREY_WIN,1,0,100.0,0.0,0.0
1135,-2.2299999999999964,350,0.0,PREY_WIN,1,0,100.0,0.0,0.0
1136,29.617499999999993,218,0.0,PREDATOR_WIN,0,1,0.0,25.137500000000237,0.0
1137,30.929999999999996,104,0.0,PREDATOR_WIN,0,1,0.0,70.19000000000014,0.0
1138,-3.089999999999978,350,0.0,PREY_WIN,1,0,91.83999999999969,0.0,0.0
1139,-2.909999999999982,350,0.0,PREY_WIN,1,0,100.0,0.0,0.0
1140,-3.239999999999975,350,0.0,PREY_WIN,1,0,99.72999999999999,0.0,0.0
1141,-2.9399999999999813,350,0.0,PREY_WIN,1,0,100.0,0.0,0.0
1142,-2.4599999999999915,350,0.0,PREY_WIN,1,0,100.0,0.0,0.0
1143,-2.429999999999992,350,0.0,PREY_WIN,1,0,100.0,0.0,0.0
1144,-2.53999999999999,350,0.0,PREY_WIN,1,0,100.0,0.0,0.0
1145,-2.339999999999994,350,0.0,PREY_WIN,1,0,100.0,0.0,0.0
1146,-2.1699999999999977,350,0.0,PREY_WIN,1,0,100.0,0.0,0.0
1147,-2.4999999999999907,350,0.0,PREY_WIN,1,0,99.72999999999999,0.0,0.0
1148,-2.259999999999996,350,0.0,PREY_WIN,1,0,100.0,0.0,0.0
1149,-2.2199999999999966,350,0.0,PREY_WIN,1,0,100.0,0.0,0.0
1150,-2.3299999999999943,350,0.0,PREY_WIN,1,0,100.0,0.0,0.0
1151,30.71499999999997,61,0.0,PREDATOR_WIN,0,1,0.0,86.40499999999989,0.0
1152,-2.569999999999989,350,0.0,PREY_WIN,1,0,100.0,0.0,0.0
1153,-2.209999999999997,350,0.0,PREY_WIN,1,0,100.0,0.0,0.0
1154,-2.3199999999999945,350,0.0,PREY_WIN,1,0,100.0,0.0,0.0
1155,-2.399999999999993,350,0.0,PREY_WIN,1,0,100.0,0.0,0.0
1156,-2.579999999999989,350,0.0,PREY_WIN,1,0,100.0,0.0,0.0
1157,-2.209999999999997,350,0.0,PREY_WIN,1,0,100.0,0.0,0.0
1158,-2.199999999999997,350,0.0,PREY_WIN,1,0,100.0,0.0,0.0
1159,-2.209999999999997,350,0.0,PREY_WIN,1,0,100.0,0.0,0.0
1160,-2.209999999999997,350,0.0,PREY_WIN,1,0,100.0,0.0,0.0
1161,-2.1899999999999973,350,0.0,PREY_WIN,1,0,100.0,0.0,0.0
1162,-2.289999999999995,350,0.0,PREY_WIN,1,0,100.0,0.0,0.0
1163,-2.239999999999996,350,0.0,PREY_WIN,1,0,100.0,0.0,0.0
1164,-2.349999999999994,350,0.0,PREY_WIN,1,0,100.0,0.0,0.0
1165,-2.2299999999999964,350,0.0,PREY_WIN,1,0,100.0,0.0,0.0
1166,-2.1899999999999973,350,0.0,PREY_WIN,1,0,100.0,0.0,0.0
1167,-2.339999999999994,350,0.0,PREY_WIN,1,0,100.0,0.0,0.0
1168,-2.1399999999999983,350,0.0,PREY_WIN,1,0,99.60999999999999,0.0,0.0
1169,-2.2699999999999956,350,0.0,PREY_WIN,1,0,100.0,0.0,0.0
1170,-2.209999999999997,350,0.0,PREY_WIN,1,0,100.0,0.0,0.0
1171,29.84,216,0.0,PREDATOR_WIN,0,1,0.0,26.480000000000253,0.0
1172,-2.2299999999999964,350,0.0,PREY_WIN,1,0,100.0,0.0,0.0
1173,-2.349999999999994,350,0.0,PREY_WIN,1,0,100.0,0.0,0.0
1174,-3.3099999999999734,350,0.0,PREY_WIN,1,0,100.0,0.0,0.0
1175,-3.379999999999972,350,0.0,PREY_WIN,1,0,100.0,0.0,0.0
1176,-3.1999999999999758,350,0.0,PREY_WIN,1,0,100.0,0.0,0.0
1177,-2.3699999999999934,350,0.0,PREY_WIN,1,0,100.0,0.0,0.0
1178,-2.4599999999999915,350,0.0,PREY_WIN,1,0,100.0,0.0,0.0
1179,-2.249999999999996,350,0.0,PREY_WIN,1,0,100.0,0.0,0.0
1180,29.992499999999968,119,0.0,PREDATOR_WIN,0,1,0.0,67.60250000000013,0.0
1181,-2.5099999999999905,350,0.0,PREY_WIN,1,0,100.0,0.0,0.0
1182,-2.399999999999993,350,0.0,PREY_WIN,1,0,100.0,0.0,0.0
1183,-2.4599999999999915,350,0.0,PREY_WIN,1,0,100.0,0.0,0.0
1184,-2.339999999999994,350,0.0,PREY_WIN,1,0,100.0,0.0,0.0
1185,-2.439999999999992,350,0.0,PREY_WIN,1,0,100.0,0.0,0.0
1186,-2.4599999999999915,350,0.0,PREY_WIN,1,0,100.0,0.0,0.0
1187,-2.399999999999993,350,0.0,PREY_WIN,1,0,99.88,0.0,0.0
1188,-2.52999999999999,350,0.0,PREY_WIN,1,0,99.72999999999999,0.0,0.0
1189,-2.239999999999996,350,0.0,PREY_WIN,1,0,99.72999999999999,0.0,0.0
1190,-2.439999999999992,350,0.0,PREY_WIN,1,0,100.0,0.0,0.0
1191,30.36499999999999,150,0.0,PREDATOR_WIN,0,1,0.0,51.06500000000029,0.0
1192,-2.5099999999999905,350,0.0,PREY_WIN,1,0,100.0,0.0,0.0
1193,-2.579999999999989,350,0.0,PREY_WIN,1,0,100.0,0.0,0.0
1194,-2.299999999999995,350,0.0,PREY_WIN,1,0,99.72999999999999,0.0,0.0
1195,-2.339999999999994,350,0.0,PREY_WIN,1,0,100.0,0.0,0.0
1196,-2.199999999999997,350,0.0,PREY_WIN,1,0,100.0,0.0,0.0
1197,-2.239999999999996,350,0.0,PREY_WIN,1,0,100.0,0.0,0.0
1198,-2.2299999999999964,350,0.0,PREY_WIN,1,0,100.0,0.0,0.0
1199,-2.209999999999997,350,0.0,PREY_WIN,1,0,100.0,0.0,0.0
1200,-2.239999999999996,350,0.0,PREY_WIN,1,0,100.0,0.0,0.0
1201,-2.159999999999998,350,0.0,PREY_WIN,1,0,100.0,0.0,0.0
1202,-2.2199999999999966,350,0.0,PREY_WIN,1,0,100.0,0.0,0.0
1203,-2.1899999999999973,350,0.0,PREY_WIN,1,0,100.0,0.0,0.0
1204,-2.199999999999997,350,0.0,PREY_WIN,1,0,100.0,0.0,0.0
1205,-2.239999999999996,350,0.0,PREY_WIN,1,0,100.0,0.0,0.0
1206,-2.2699999999999956,350,0.0,PREY_WIN,1,0,99.72999999999999,0.0,0.0
1207,-2.299999999999995,350,0.0,PREY_WIN,1,0,100.0,0.0,0.0
1208,31.36,64,0.0,PREDATOR_WIN,0,1,0.0,85.21999999999994,0.0
1209,-2.239999999999996,350,0.0,PREY_WIN,1,0,100.0,0.0,0.0
1210,-2.209999999999997,350,0.0,PREY_WIN,1,0,100.0,0.0,0.0
1211,-2.439999999999992,350,0.0,PREY_WIN,1,0,100.0,0.0,0.0
1212,-2.259999999999996,350,0.0,PREY_WIN,1,0,100.0,0.0,0.0
1213,31.802499999999995,13,0.0,PREDATOR_WIN,0,1,0.0,100.0,0.0
1214,-2.5099999999999905,350,0.0,PREY_WIN,1,0,100.0,0.0,0.0
1215,-2.1899999999999973,350,0.0,PREY_WIN,1,0,100.0,0.0,0.0
1216,-2.349999999999994,350,0.0,PREY_WIN,1,0,100.0,0.0,0.0
1217,-2.159999999999998,350,0.0,PREY_WIN,1,0,99.72999999999999,0.0,0.0
1218,29.312499999999975,205,0.0,PREDATOR_WIN,0,1,0.0,33.46250000000018,0.0
1219,-2.6099999999999883,350,0.0,PREY_WIN,1,0,99.72999999999999,0.0,0.0
1220,-3.3899999999999717,350,0.0,PREY_WIN,1,0,100.0,0.0,0.0
1221,-2.9399999999999813,350,0.0,PREY_WIN,1,0,100.0,0.0,0.0
1222,-2.4099999999999926,350,0.0,PREY_WIN,1,0,100.0,0.0,0.0
1223,-2.5599999999999894,350,0.0,PREY_WIN,1,0,99.72999999999999,0.0,0.0
1224,-2.2699999999999956,350,0.0,PREY_WIN,1,0,100.0,0.0,0.0
1225,-2.5099999999999905,350,0.0,PREY_WIN,1,0,100.0,0.0,0.0
1226,-2.52999999999999,350,0.0,PREY_WIN,1,0,99.88,0.0,0.0
1227,31.569999999999997,43,0.0,PREDATOR_WIN,0,1,0.0,93.13999999999992,0.0
1228,31.722499999999997,21,0.0,PREDATOR_WIN,0,1,0.0,100.0,0.0
1229,-3.0299999999999794,350,0.0,PREY_WIN,1,0,100.0,0.0,0.0
1230,31.727499999999992,7,0.0,PREDATOR_WIN,0,1,0.0,100.0,0.0
1231,30.15,185,0.0,PREDATOR_WIN,0,1,0.0,41.30000000000025,0.0
1232,30.25249999999999,159,0.0,PREDATOR_WIN,0,1,0.0,55.362500000000175,0.0
1233,-2.3699999999999934,350,0.0,PREY_WIN,1,0,100.0,0.0,0.0
1234,-2.4599999999999915,350,0.0,PREY_WIN,1,0,100.0,0.0,0.0
1235,-2.579999999999989,350,0.0,PREY_WIN,1,0,100.0,0.0,0.0
1236,31.919999999999998,8,0.0,PREDATOR_WIN,0,1,0.0,100.0,0.0
1237,-2.6899999999999866,350,0.0,PREY_WIN,1,0,100.0,0.0,0.0
1238,29.642499999999984,202,0.0,PREDATOR_WIN,0,1,0.0,50.62250000000027,0.0
1239,30.74749999999999,105,0.0,PREDATOR_WIN,0,1,0.0,68.39750000000015,0.0
1240,-3.00999999999998,350,0.0,PREY_WIN,1,0,100.0,0.0,0.0
1241,-3.0199999999999796,350,0.0,PREY_WIN,1,0,100.0,0.0,0.0
1242,-2.719999999999986,350,0.0,PREY_WIN,1,0,100.0,0.0,0.0
1243,-2.869999999999983,350,0.0,PREY_WIN,1,0,100.0,0.0,0.0
1244,-2.389999999999993,350,0.0,PREY_WIN,1,0,100.0,0.0,0.0
1245,-2.629999999999988,350,0.0,PREY_WIN,1,0,99.72999999999999,0.0,0.0
1246,-2.619999999999988,350,0.0,PREY_WIN,1,0,99.72999999999999,0.0,0.0
1247,30.724999999999973,60,0.0,PREDATOR_WIN,0,1,0.0,92.2249999999998,0.0
1248,31.14749999999998,38,0.0,PREDATOR_WIN,0,1,0.0,94.46749999999992,0.0
1249,31.45,55,0.0,PREDATOR_WIN,0,1,0.0,87.19999999999993,0.0
1250,-2.819999999999984,350,0.0,PREY_WIN,1,0,100.0,0.0,0.0
1251,-2.859999999999983,350,0.0,PREY_WIN,1,0,100.0,0.0,0.0
1252,-2.3599999999999937,350,0.0,PREY_WIN,1,0,100.0,0.0,0.0
1253,31.06,94,0.0,PREDATOR_WIN,0,1,0.0,71.72000000000014,0.0
1254,-2.4599999999999915,350,0.0,PREY_WIN,1,0,100.0,0.0,0.0
1255,-2.909999999999982,350,0.0,PREY_WIN,1,0,100.0,0.0,0.0
1256,-2.2799999999999954,350,0.0,PREY_WIN,1,0,100.0,0.0,0.0
1257,-2.3299999999999943,350,0.0,PREY_WIN,1,0,100.0,0.0,0.0
1258,-2.349999999999994,350,0.0,PREY_WIN,1,0,100.0,0.0,0.0
1259,-2.3099999999999947,350,0.0,PREY_WIN,1,0,100.0,0.0,0.0
1260,-2.239999999999996,350,0.0,PREY_WIN,1,0,100.0,0.0,0.0
1261,-2.199999999999997,350,0.0,PREY_WIN,1,0,100.0,0.0,0.0
1262,-2.239999999999996,350,0.0,PREY_WIN,1,0,100.0,0.0,0.0
1263,-2.1899999999999973,350,0.0,PREY_WIN,1,0,100.0,0.0,0.0
1264,-2.199999999999997,350,0.0,PREY_WIN,1,0,99.45999999999998,0.0,0.0
1265,-2.1899999999999973,350,0.0,PREY_WIN,1,0,100.0,0.0,0.0
1266,-2.199999999999997,350,0.0,PREY_WIN,1,0,100.0,0.0,0.0
1267,-2.1899999999999973,350,0.0,PREY_WIN,1,0,100.0,0.0,0.0
1268,31.84,16,0.0,PREDATOR_WIN,0,1,0.0,100.0,0.0
1269,-2.2199999999999966,350,0.0,PREY_WIN,1,0,100.0,0.0,0.0
1270,-2.2299999999999964,350,0.0,PREY_WIN,1,0,100.0,0.0,0.0
1271,-2.1899999999999973,350,0.0,PREY_WIN,1,0,100.0,0.0,0.0
1272,-2.339999999999994,350,0.0,PREY_WIN,1,0,99.88,0.0,0.0
1273,-2.209999999999997,350,0.0,PREY_WIN,1,0,100.0,0.0,0.0
1274,-2.1899999999999973,350,0.0,PREY_WIN,1,0,100.0,0.0,0.0
1275,-2.239999999999996,350,0.0,PREY_WIN,1,0,100.0,0.0,0.0
1276,-2.1699999999999977,350,0.0,PREY_WIN,1,0,100.0,0.0,0.0
1277,-2.199999999999997,350,0.0,PREY_WIN,1,0,100.0,0.0,0.0
1278,-2.209999999999997,350,0.0,PREY_WIN,1,0,100.0,0.0,0.0
1279,-2.1799999999999975,350,0.0,PREY_WIN,1,0,100.0,0.0,0.0
1280,-2.259999999999996,350,0.0,PREY_WIN,1,0,100.0,0.0,0.0
1281,-2.159999999999998,350,0.0,PREY_WIN,1,0,100.0,0.0,0.0
1282,-2.199999999999997,350,0.0,PREY_WIN,1,0,100.0,0.0,0.0
1283,-2.199999999999997,350,0.0,PREY_WIN,1,0,100.0,0.0,0.0
1284,-2.239999999999996,350,0.0,PREY_WIN,1,0,100.0,0.0,0.0
1285,-2.289999999999995,350,0.0,PREY_WIN,1,0,100.0,0.0,0.0
1286,-2.1899999999999973,350,0.0,PREY_WIN,1,0,99.72999999999999,0.0,0.0
1287,-2.209999999999997,350,0.0,PREY_WIN,1,0,99.72999999999999,0.0,0.0
1288,-2.209999999999997,350,0.0,PREY_WIN,1,0,100.0,0.0,0.0
1289,-2.199999999999997,350,0.0,PREY_WIN,1,0,100.0,0.0,0.0
1290,-2.2299999999999964,350,0.0,PREY_WIN,1,0,100.0,0.0,0.0
1291,-2.199999999999997,350,0.0,PREY_WIN,1,0,100.0,0.0,0.0
1292,-2.199999999999997,350,0.0,PREY_WIN,1,0,100.0,0.0,0.0
1293,-2.209999999999997,350,0.0,PREY_WIN,1,0,99.45999999999998,0.0,0.0
1294,-2.389999999999993,350,0.0,PREY_WIN,1,0,100.0,0.0,0.0
1295,-2.289999999999995,350,0.0,PREY_WIN,1,0,100.0,0.0,0.0
1296,-2.1699999999999977,350,0.0,PREY_WIN,1,0,100.0,0.0,0.0
1297,-2.2799999999999954,350,0.0,PREY_WIN,1,0,100.0,0.0,0.0
1298,-2.259999999999996,350,0.0,PREY_WIN,1,0,100.0,0.0,0.0
1299,31.019999999999996,98,0.0,PREDATOR_WIN,0,1,0.0,81.13999999999993,0.0
1300,-2.289999999999995,350,0.0,PREY_WIN,1,0,100.0,0.0,0.0
1301,-2.4499999999999917,350,0.0,PREY_WIN,1,0,100.0,0.0,0.0
1302,-2.6999999999999864,350,0.0,PREY_WIN,1,0,100.0,0.0,0.0
1303,-2.149999999999998,350,0.0,PREY_WIN,1,0,100.0,0.0,0.0
1304,-2.249999999999996,350,0.0,PREY_WIN,1,0,100.0,0.0,0.0
1305,31.86,14,0.0,PREDATOR_WIN,0,1,0.0,100.0,0.0
1306,-2.149999999999998,350,0.0,PREY_WIN,1,0,100.0,0.0,0.0
1307,-2.2199999999999966,350,0.0,PREY_WIN,1,0,100.0,0.0,0.0
1308,-2.2199999999999966,350,0.0,PREY_WIN,1,0,100.0,0.0,0.0
1309,-2.2199999999999966,350,0.0,PREY_WIN,1,0,100.0,0.0,0.0
1310,-2.249999999999996,350,0.0,PREY_WIN,1,0,100.0,0.0,0.0
1311,30.229999999999997,177,0.0,PREDATOR_WIN,0,1,0.0,41.060000000000244,0.0
1312,-2.709999999999986,350,0.0,PREY_WIN,1,0,100.0,0.0,0.0
1313,-2.3599999999999937,350,0.0,PREY_WIN,1,0,100.0,0.0,0.0
1314,-3.4399999999999706,350,0.0,PREY_WIN,1,0,100.0,0.0,0.0
1315,-2.9399999999999813,350,0.0,PREY_WIN,1,0,100.0,0.0,0.0
1316,-2.719999999999986,350,0.0,PREY_WIN,1,0,100.0,0.0,0.0
1317,-2.389999999999993,350,0.0,PREY_WIN,1,0,100.0,0.0,0.0
1318,-2.2699999999999956,350,0.0,PREY_WIN,1,0,99.72999999999999,0.0,0.0
1319,-2.289999999999995,350,0.0,PREY_WIN,1,0,100.0,0.0,0.0
1320,30.65749999999999,114,0.0,PREDATOR_WIN,0,1,0.0,66.11750000000016,0.0
1321,-2.7899999999999845,350,0.0,PREY_WIN,1,0,100.0,0.0,0.0
1322,-3.0299999999999794,350,0.0,PREY_WIN,1,0,100.0,0.0,0.0
1323,-2.4099999999999926,350,0.0,PREY_WIN,1,0,100.0,0.0,0.0
1324,-2.6899999999999866,350,0.0,PREY_WIN,1,0,100.0,0.0,0.0
1325,31.462499999999984,20,0.0,PREDATOR_WIN,0,1,0.0,100.0,0.0
1326,-2.389999999999993,350,0.0,PREY_WIN,1,0,100.0,0.0,0.0
1327,31.47,53,0.0,PREDATOR_WIN,0,1,0.0,88.93999999999991,0.0
1328,31.52,48,0.0,PREDATOR_WIN,0,1,0.0,90.43999999999991,0.0
1329,-2.7999999999999843,350,0.0,PREY_WIN,1,0,100.0,0.0,0.0
1330,-2.489999999999991,350,0.0,PREY_WIN,1,0,100.0,0.0,0.0
1331,31.389999999999997,61,0.0,PREDATOR_WIN,0,1,0.0,87.07999999999993,0.0
1332,-2.159999999999998,350,0.0,PREY_WIN,1,0,100.0,0.0,0.0
1333,-2.3299999999999943,350,0.0,PREY_WIN,1,0,99.88,0.0,0.0
1334,-2.209999999999997,350,0.0,PREY_WIN,1,0,100.0,0.0,0.0
1335,-2.239999999999996,350,0.0,PREY_WIN,1,0,100.0,0.0,0.0
1336,-2.2299999999999964,350,0.0,PREY_WIN,1,0,100.0,0.0,0.0
1337,-2.3199999999999945,350,0.0,PREY_WIN,1,0,100.0,0.0,0.0
1338,-2.199999999999997,350,0.0,PREY_WIN,1,0,100.0,0.0,0.0
1339,-2.1899999999999973,350,0.0,PREY_WIN,1,0,100.0,0.0,0.0
1340,-2.259999999999996,350,0.0,PREY_WIN,1,0,100.0,0.0,0.0
1341,-2.2199999999999966,350,0.0,PREY_WIN,1,0,100.0,0.0,0.0
1342,-2.1899999999999973,350,0.0,PREY_WIN,1,0,100.0,0.0,0.0
1343,-2.209999999999997,350,0.0,PREY_WIN,1,0,100.0,0.0,0.0
1344,-2.199999999999997,350,0.0,PREY_WIN,1,0,100.0,0.0,0.0
1345,-2.239999999999996,350,0.0,PREY_WIN,1,0,100.0,0.0,0.0
1346,-2.1799999999999975,350,0.0,PREY_WIN,1,0,100.0,0.0,0.0
1347,-2.259999999999996,350,0.0,PREY_WIN,1,0,100.0,0.0,0.0
1348,-2.1899999999999973,350,0.0,PREY_WIN,1,0,99.72999999999999,0.0,0.0
1349,-2.239999999999996,350,0.0,PREY_WIN,1,0,100.0,0.0,0.0
1350,-2.1899999999999973,350,0.0,PREY_WIN,1,0,100.0,0.0,0.0
1351,-2.3599999999999937,350,0.0,PREY_WIN,1,0,99.72999999999999,0.0,0.0
1352,-2.259999999999996,350,0.0,PREY_WIN,1,0,100.0,0.0,0.0
1353,-2.1899999999999973,350,0.0,PREY_WIN,1,0,100.0,0.0,0.0
1354,-2.2699999999999956,350,0.0,PREY_WIN,1,0,99.72999999999999,0.0,0.0
1355,-2.2199999999999966,350,0.0,PREY_WIN,1,0,100.0,0.0,0.0
1356,-2.6899999999999866,350,0.0,PREY_WIN,1,0,100.0,0.0,0.0
1357,-3.289999999999974,350,0.0,PREY_WIN,1,0,100.0,0.0,0.0
1358,-2.709999999999986,350,0.0,PREY_WIN,1,0,100.0,0.0,0.0
1359,-2.7399999999999856,350,0.0,PREY_WIN,1,0,100.0,0.0,0.0
1360,29.2675,250,0.0,PREDATOR_WIN,0,1,0.0,31.767500000000304,0.0
1361,-2.389999999999993,350,0.0,PREY_WIN,1,0,100.0,0.0,0.0
1362,30.279999999999998,172,0.0,PREDATOR_WIN,0,1,0.0,41.36000000000024,0.0
1363,-2.9699999999999807,350,0.0,PREY_WIN,1,0,100.0,0.0,0.0
1364,30.849999999999998,115,0.0,PREDATOR_WIN,0,1,0.0,85.99999999999966,0.0
1365,31.599999999999998,37,0.0,PREDATOR_WIN,0,1,0.0,96.52999999999992,0.0
1366,-2.9799999999999804,350,0.0,PREY_WIN,1,0,100.0,0.0,0.0
1367,-2.7999999999999843,350,0.0,PREY_WIN,1,0,100.0,0.0,0.0
1368,-2.6399999999999877,350,0.0,PREY_WIN,1,0,100.0,0.0,0.0
1369,29.917499999999958,104,0.0,PREDATOR_WIN,0,1,0.0,66.17750000000015,0.0
1370,-3.279999999999974,350,0.0,PREY_WIN,1,0,100.0,0.0,0.0
1371,-2.289999999999995,350,0.0,PREY_WIN,1,0,100.0,0.0,0.0
1372,-2.299999999999995,350,0.0,PREY_WIN,1,0,100.0,0.0,0.0
1373,-2.7899999999999845,350,0.0,PREY_WIN,1,0,100.0,0.0,0.0
1374,29.979999999999997,202,0.0,PREDATOR_WIN,0,1,0.0,43.16000000000024,0.0
1375,29.76499999999998,180,0.0,PREDATOR_WIN,0,1,0.0,37.26500000000023,0.0
1376,30.979999999999997,102,0.0,PREDATOR_WIN,0,1,0.0,69.56000000000014,0.0
1377,-3.4999999999999694,350,0.0,PREY_WIN,1,1,100.0,8.200000000000335,0.0625
1378,31.352499999999985,31,0.0,PREDATOR_WIN,0,1,0.0,100.0,0.0
1379,30.992499999999982,61,0.0,PREDATOR_WIN,0,1,0.0,84.58249999999995,0.0
1380,-2.909999999999982,350,0.0,PREY_WIN,1,0,100.0,0.0,0.0
1381,-2.479999999999991,350,0.0,PREY_WIN,1,0,100.0,0.0,0.0
1382,-2.429999999999992,350,0.0,PREY_WIN,1,0,100.0,0.0,0.0
1383,-2.489999999999991,350,0.0,PREY_WIN,1,0,100.0,0.0,0.0
1384,-2.4199999999999924,350,0.0,PREY_WIN,1,0,100.0,0.0,0.0
1385,-2.4499999999999917,350,0.0,PREY_WIN,1,0,100.0,0.0,0.0
1386,-2.389999999999993,350,0.0,PREY_WIN,1,0,100.0,0.0,0.0
1387,-2.3599999999999937,350,0.0,PREY_WIN,1,0,100.0,0.0,0.0
1388,30.464999999999957,50,0.0,PREDATOR_WIN,0,1,0.0,89.76499999999986,0.0
1389,-2.209999999999997,350,0.0,PREY_WIN,1,0,99.45999999999998,0.0,0.0
1390,-2.1799999999999975,350,0.0,PREY_WIN,1,0,100.0,0.0,0.0
1391,-2.7399999999999856,350,0.0,PREY_WIN,1,0,100.0,0.0,0.0
1392,-2.259999999999996,350,0.0,PREY_WIN,1,0,100.0,0.0,0.0
1393,-2.209999999999997,350,0.0,PREY_WIN,1,0,100.0,0.0,0.0
1394,-2.1899999999999973,350,0.0,PREY_WIN,1,0,100.0,0.0,0.0
1395,31.339999999999996,63,0.0,PREDATOR_WIN,0,1,0.0,86.20999999999992,0.0
1396,-2.6899999999999866,350,0.0,PREY_WIN,1,0,100.0,0.0,0.0
1397,-2.6899999999999866,350,0.0,PREY_WIN,1,0,100.0,0.0,0.0
1398,-2.289999999999995,350,0.0,PREY_WIN,1,0,100.0,0.0,0.0
1399,30.992499999999993,88,0.0,PREDATOR_WIN,0,1,0.0,77.7125,0.0
1400,-2.4599999999999915,350,0.0,PREY_WIN,1,0,99.72999999999999,0.0,0.0
1401,-2.869999999999983,350,0.0,PREY_WIN,1,0,100.0,0.0,0.0
1402,-2.2799999999999954,350,0.0,PREY_WIN,1,0,99.72999999999999,0.0,0.0
1403,-2.199999999999997,350,0.0,PREY_WIN,1,0,100.0,0.0,0.0
1404,-2.2199999999999966,350,0.0,PREY_WIN,1,0,100.0,0.0,0.0
1405,31.889999999999997,8,0.0,PREDATOR_WIN,0,1,0.0,100.0,0.0
1406,-2.1899999999999973,350,0.0,PREY_WIN,1,0,100.0,0.0,0.0
1407,-2.299999999999995,350,0.0,PREY_WIN,1,0,100.0,0.0,0.0
1408,-2.209999999999997,350,0.0,PREY_WIN,1,0,100.0,0.0,0.0
1409,-2.4099999999999926,350,0.0,PREY_WIN,1,0,100.0,0.0,0.0
1410,-2.389999999999993,350,0.0,PREY_WIN,1,0,100.0,0.0,0.0
1411,-2.209999999999997,350,0.0,PREY_WIN,1,0,100.0,0.0,0.0
1412,-2.1899999999999973,350,0.0,PREY_WIN,1,0,100.0,0.0,0.0
1413,-2.2299999999999964,350,0.0,PREY_WIN,1,0,100.0,0.0,0.0
1414,-2.6399999999999877,350,0.0,PREY_WIN,1,0,100.0,0.0,0.0
1415,-2.3599999999999937,350,0.0,PREY_WIN,1,0,99.88,0.0,0.0
1416,-2.2699999999999956,350,0.0,PREY_WIN,1,0,100.0,0.0,0.0
1417,-2.2199999999999966,350,0.0,PREY_WIN,1,0,100.0,0.0,0.0
1418,-2.389999999999993,350,0.0,PREY_WIN,1,0,99.88,0.0,0.0
1419,-2.2299999999999964,350,0.0,PREY_WIN,1,0,100.0,0.0,0.0
1420,-2.3099999999999947,350,0.0,PREY_WIN,1,0,100.0,0.0,0.0
1421,-2.159999999999998,350,0.0,PREY_WIN,1,0,100.0,0.0,0.0
1422,-2.209999999999997,350,0.0,PREY_WIN,1,0,99.72999999999999,0.0,0.0
1423,-2.299999999999995,350,0.0,PREY_WIN,1,0,100.0,0.0,0.0
1424,-2.239999999999996,350,0.0,PREY_WIN,1,0,99.45999999999998,0.0,0.0
1425,-2.1899999999999973,350,0.0,PREY_WIN,1,0,100.0,0.0,0.0
1426,-2.239999999999996,350,0.0,PREY_WIN,1,0,100.0,0.0,0.0
1427,-2.209999999999997,350,0.0,PREY_WIN,1,0,100.0,0.0,0.0
1428,-2.2799999999999954,350,0.0,PREY_WIN,1,0,100.0,0.0,0.0
1429,31.032499999999985,63,0.0,PREDATOR_WIN,0,1,0.0,85.00249999999993,0.0
1430,-3.0599999999999787,350,0.0,PREY_WIN,1,0,100.0,0.0,0.0
1431,31.11499999999998,39,0.0,PREDATOR_WIN,0,1,0.0,94.6249999999999,0.0
1432,-2.759999999999985,350,0.0,PREY_WIN,1,0,100.0,0.0,0.0
1433,-2.6899999999999866,350,0.0,PREY_WIN,1,0,100.0,0.0,0.0
1434,-2.1899999999999973,350,0.0,PREY_WIN,1,0,100.0,0.0,0.0
1435,30.04749999999999,175,0.0,PREDATOR_WIN,0,1,0.0,42.29750000000027,0.0
1436,30.512499999999996,142,0.0,PREDATOR_WIN,0,1,0.0,53.29250000000031,0.0
1437,-3.4999999999999694,350,0.0,PREY_WIN,1,1,99.72999999999999,1.000000000000326,0.0625
1438,29.830000000000002,217,0.0,PREDATOR_WIN,0,1,0.0,44.96000000000029,0.0
1439,-2.959999999999981,350,0.0,PREY_WIN,1,0,99.88,0.0,0.0
1440,-2.6599999999999873,350,0.0,PREY_WIN,1,0,100.0,0.0,0.0
1441,-2.2699999999999956,350,0.0,PREY_WIN,1,0,100.0,0.0,0.0
1442,-2.439999999999992,350,0.0,PREY_WIN,1,0,100.0,0.0,0.0
1443,-2.4599999999999915,350,0.0,PREY_WIN,1,0,100.0,0.0,0.0
1444,-2.679999999999987,350,0.0,PREY_WIN,1,0,100.0,0.0,0.0
1445,-2.3099999999999947,350,0.0,PREY_WIN,1,0,100.0,0.0,0.0
1446,-2.209999999999997,350,0.0,PREY_WIN,1,0,100.0,0.0,0.0
1447,-2.479999999999991,350,0.0,PREY_WIN,1,0,100.0,0.0,0.0
1448,-2.709999999999986,350,0.0,PREY_WIN,1,0,100.0,0.0,0.0
1449,29.457499999999996,231,0.0,PREDATOR_WIN,0,1,0.0,26.84750000000026,0.0
1450,-2.6599999999999873,350,0.0,PREY_WIN,1,0,100.0,0.0,0.0
1451,-2.1899999999999973,350,0.0,PREY_WIN,1,0,100.0,0.0,0.0
1452,-2.5899999999999888,350,0.0,PREY_WIN,1,0,100.0,0.0,0.0
1453,-2.3699999999999934,350,0.0,PREY_WIN,1,0,100.0,0.0,0.0
1454,-2.2299999999999964,350,0.0,PREY_WIN,1,0,100.0,0.0,0.0
1455,-2.2799999999999954,350,0.0,PREY_WIN,1,0,100.0,0.0,0.0
1456,-2.239999999999996,350,0.0,PREY_WIN,1,0,99.72999999999999,0.0,0.0
1457,-2.209999999999997,350,0.0,PREY_WIN,1,0,100.0,0.0,0.0
1458,-2.2299999999999964,350,0.0,PREY_WIN,1,0,100.0,0.0,0.0
1459,-2.259999999999996,350,0.0,PREY_WIN,1,0,100.0,0.0,0.0
1460,-2.1899999999999973,350,0.0,PREY_WIN,1,0,100.0,0.0,0.0
1461,31.65,35,0.0,PREDATOR_WIN,0,1,0.0,100.0,0.0
1462,-3.0199999999999796,350,0.0,PREY_WIN,1,0,100.0,0.0,0.0
1463,-2.8899999999999824,350,0.0,PREY_WIN,1,0,100.0,0.0,0.0
1464,-2.1399999999999983,350,0.0,PREY_WIN,1,0,100.0,0.0,0.0
1465,-2.209999999999997,350,0.0,PREY_WIN,1,0,100.0,0.0,0.0
1466,-2.289999999999995,350,0.0,PREY_WIN,1,0,100.0,0.0,0.0
1467,-2.1799999999999975,350,0.0,PREY_WIN,1,0,100.0,0.0,0.0
1468,-2.209999999999997,350,0.0,PREY_WIN,1,0,100.0,0.0,0.0
1469,30.059999999999995,194,0.0,PREDATOR_WIN,0,1,0.0,36.02000000000025,0.0
1470,-2.5999999999999885,350,0.0,PREY_WIN,1,0,100.0,0.0,0.0
1471,-2.769999999999985,350,0.0,PREY_WIN,1,0,100.0,0.0,0.0
1472,-2.6399999999999877,350,0.0,PREY_WIN,1,0,100.0,0.0,0.0
1473,-2.2699999999999956,350,0.0,PREY_WIN,1,0,100.0,0.0,0.0
1474,-2.249999999999996,350,0.0,PREY_WIN,1,0,100.0,0.0,0.0
1475,-2.2299999999999964,350,0.0,PREY_WIN,1,0,100.0,0.0,0.0
1476,-2.239999999999996,350,0.0,PREY_WIN,1,0,100.0,0.0,0.0
1477,-2.4099999999999926,350,0.0,PREY_WIN,1,0,100.0,0.0,0.0
1478,-2.2799999999999954,350,0.0,PREY_WIN,1,0,100.0,0.0,0.0
1479,-2.2799999999999954,350,0.0,PREY_WIN,1,0,100.0,0.0,0.0
1480,-2.289999999999995,350,0.0,PREY_WIN,1,0,99.72999999999999,0.0,0.0
1481,31.259999999999998,74,0.0,PREDATOR_WIN,0,1,0.0,82.51999999999997,0.0
1482,-2.2699999999999956,350,0.0,PREY_WIN,1,0,100.0,0.0,0.0
1483,-3.4999999999999694,350,0.0,PREY_WIN,1,1,100.0,9.999999999999927,0.0625
1484,-2.5599999999999894,350,0.0,PREY_WIN,1,0,100.0,0.0,0.0
1485,-2.4499999999999917,350,0.0,PREY_WIN,1,0,100.0,0.0,0.0
1486,-2.209999999999997,350,0.0,PREY_WIN,1,0,99.72999999999999,0.0,0.0
1487,-2.4199999999999924,350,0.0,PREY_WIN,1,0,100.0,0.0,0.0
1488,-2.209999999999997,350,0.0,PREY_WIN,1,0,100.0,0.0,0.0
1489,31.74,26,0.0,PREDATOR_WIN,0,1,0.0,100.0,0.0
1490,-2.1399999999999983,350,0.0,PREY_WIN,1,0,100.0,0.0,0.0
1491,29.85,215,0.0,PREDATOR_WIN,0,1,0.0,42.20000000000012,0.0
1492,-2.9799999999999804,350,0.0,PREY_WIN,1,0,100.0,0.0,0.0
1493,31.764999999999993,7,0.0,PREDATOR_WIN,0,1,0.0,100.0,0.0
1494,-2.2699999999999956,350,0.0,PREY_WIN,1,0,100.0,0.0,0.0
1495,-2.949999999999981,350,0.0,PREY_WIN,1,0,100.0,0.0,0.0
1496,-2.53999999999999,350,0.0,PREY_WIN,1,0,100.0,0.0,0.0
1497,31.189999999999998,81,0.0,PREDATOR_WIN,0,1,0.0,79.88,0.0
1498,-3.4899999999999696,350,0.0,PREY_WIN,1,0,100.0,0.0,0.0
1499,-2.8899999999999824,350,0.0,PREY_WIN,1,0,99.88,0.0,0.0
1500,-2.289999999999995,350,0.0,PREY_WIN,1,0,100.0,0.0,0.0
