step,reward,cumulative_reward,main_agent_energy,main_agent_thirst,main_agent_can_reproduce,main_agent_water_nearby,prey_population,predator_population,total_alive,avg_prey_energy,avg_predator_energy,min_prey_energy,max_prey_energy,min_predator_energy,max_predator_energy,cumulative_prey_births,cumulative_predator_births,cumulative_predation_events,cumulative_prey_deaths,cumulative_predator_deaths,cumulative_prey_reward,cumulative_predator_reward
1,39.980000000000004,39.980000000000004,100.0,99.5,0,1,7,2,9,95.64999999999999,84.55,69.55,100.0,84.55,84.55,0,0,0,0,0,239.87000000000006,-0.02
2,-0.01,39.970000000000006,99.55,99.0,0,1,7,2,9,99.61428571428571,84.1,99.55,100.0,84.1,84.1,0,0,0,0,0,279.79,-0.04
3,-0.01,39.96000000000001,99.1,98.5,0,1,7,2,9,99.16428571428571,83.64999999999999,99.1,99.55,83.64999999999999,83.64999999999999,0,0,0,0,0,279.72,-0.06
4,-0.01,39.95000000000001,98.64999999999999,98.0,0,1,7,2,9,98.71428571428571,83.19999999999999,98.64999999999999,99.1,83.19999999999999,83.19999999999999,0,0,0,0,0,279.6500000000001,-0.08
5,-0.01,39.94000000000001,98.19999999999999,97.5,0,1,7,2,9,98.2642857142857,82.74999999999999,98.19999999999999,98.64999999999999,82.74999999999999,82.74999999999999,0,0,0,0,0,279.58000000000004,-0.1
6,-0.01,39.930000000000014,97.74999999999999,97.0,0,1,7,2,9,97.81428571428569,82.29999999999998,97.74999999999999,98.19999999999999,82.29999999999998,82.29999999999998,0,0,0,0,0,279.5100000000001,-0.12000000000000001
7,-0.01,39.920000000000016,97.29999999999998,96.5,0,1,7,2,9,97.36428571428569,81.92499999999998,97.29999999999998,97.74999999999999,81.84999999999998,81.99999999999999,0,0,0,0,0,279.4400000000001,-0.14
8,-0.01,39.91000000000002,96.84999999999998,96.0,0,1,7,2,9,96.9142857142857,81.54999999999998,96.84999999999998,97.29999999999998,81.39999999999998,81.69999999999999,0,0,0,0,0,279.3700000000001,-0.16
9,-0.01,39.90000000000002,96.39999999999998,95.5,0,1,7,2,9,96.4642857142857,81.17499999999998,96.39999999999998,96.84999999999998,80.94999999999997,81.39999999999999,0,0,0,0,0,279.3000000000002,-0.18
10,-0.01,39.89000000000002,95.94999999999997,95.0,0,1,7,2,9,96.01428571428569,80.79999999999998,95.94999999999997,96.39999999999998,80.49999999999997,81.1,0,0,0,0,0,279.23000000000013,-0.19999999999999998
11,-0.01,39.880000000000024,95.49999999999997,94.5,0,1,7,2,9,95.56428571428569,80.42499999999998,95.49999999999997,95.94999999999997,80.04999999999997,80.8,0,0,0,0,0,279.1600000000002,-0.21999999999999997
12,-0.01,39.870000000000026,95.04999999999997,94.0,0,1,7,2,9,95.13571428571426,80.04999999999998,95.04999999999997,95.49999999999997,79.59999999999997,80.5,0,0,0,0,0,279.0900000000002,-0.23999999999999996
13,-0.01,39.86000000000003,94.59999999999997,93.5,0,1,7,2,9,94.70714285714283,79.74999999999999,94.59999999999997,95.04999999999997,79.29999999999997,80.2,0,0,0,0,0,279.02000000000015,0.23
14,-0.01,39.85000000000003,94.14999999999996,93.0,0,1,7,2,9,94.2785714285714,79.44999999999999,94.14999999999996,94.59999999999998,78.99999999999997,79.9,0,0,0,0,0,278.9500000000002,0.7
15,-0.01,39.84000000000003,93.69999999999996,92.5,0,1,7,2,9,93.84999999999995,79.14999999999999,93.69999999999996,94.29999999999998,78.69999999999997,79.60000000000001,0,0,0,0,0,278.8800000000002,1.6599999999999997
16,-0.01,39.830000000000034,93.24999999999996,92.0,0,1,7,2,9,94.38571428571424,78.85,93.24999999999996,100.0,78.39999999999998,79.30000000000001,0,0,0,0,0,318.80000000000024,2.6199999999999997
17,-0.01,39.820000000000036,92.79999999999995,91.5,0,1,7,2,9,93.95714285714283,78.55,92.79999999999995,99.55,78.09999999999998,79.00000000000001,0,0,0,0,0,318.73000000000025,3.5799999999999996
18,-0.01,39.81000000000004,92.34999999999995,91.0,0,1,7,2,9,93.52857142857138,78.25,92.34999999999995,99.1,77.79999999999998,78.70000000000002,0,0,0,0,0,318.66000000000025,4.539999999999999
19,-0.01,39.80000000000004,91.89999999999995,90.5,0,1,7,2,9,93.09999999999995,77.95,91.89999999999995,98.64999999999999,77.49999999999999,78.40000000000002,0,0,0,0,0,318.59000000000026,5.5
20,-0.01,39.79000000000004,91.44999999999995,90.0,0,1,7,2,9,92.67142857142854,77.65,91.44999999999995,98.19999999999999,77.19999999999999,78.10000000000002,0,0,0,0,0,318.52000000000027,6.459999999999999
21,-0.01,39.780000000000044,90.99999999999994,89.5,0,1,7,2,9,92.2428571428571,77.35000000000001,90.99999999999994,97.74999999999999,76.89999999999999,77.80000000000003,0,0,0,0,0,318.4500000000002,7.419999999999999
22,-0.01,39.770000000000046,90.54999999999994,89.0,0,1,7,2,9,91.81428571428566,77.05000000000001,90.54999999999994,97.29999999999998,76.6,77.50000000000003,0,0,0,0,0,318.3800000000003,8.379999999999999
23,-0.01,39.76000000000005,90.09999999999994,88.5,0,1,7,2,9,91.38571428571424,76.75000000000001,90.09999999999994,96.84999999999998,76.3,77.20000000000003,0,0,0,0,0,318.3100000000003,9.34
24,-0.01,39.75000000000005,89.64999999999993,88.0,0,1,7,2,9,90.9571428571428,76.45000000000002,89.64999999999993,96.39999999999998,76.0,76.90000000000003,0,0,0,0,0,318.2400000000003,10.3
25,-0.01,39.74000000000005,89.19999999999993,87.5,0,1,7,2,9,90.52857142857138,76.15000000000002,89.19999999999993,95.94999999999997,75.7,76.60000000000004,0,0,0,0,0,318.17000000000036,11.260000000000002
26,-0.01,39.730000000000054,88.74999999999993,87.0,0,1,7,2,9,90.09999999999994,75.85000000000002,88.74999999999993,95.49999999999997,75.4,76.30000000000004,0,0,0,0,0,318.1000000000003,12.220000000000002
27,-0.01,39.720000000000056,88.29999999999993,86.5,0,1,7,2,9,89.6714285714285,75.55000000000003,88.29999999999993,95.04999999999997,75.10000000000001,76.00000000000004,0,0,0,0,0,318.0300000000003,13.180000000000003
28,-0.01,39.71000000000006,87.84999999999992,86.0,0,1,7,2,9,89.24285714285709,75.25000000000003,87.84999999999992,94.59999999999997,74.80000000000001,75.70000000000005,0,0,0,0,0,317.9600000000003,14.140000000000004
29,39.980000000000004,79.69000000000005,100.0,85.5,0,1,7,2,9,90.61428571428566,74.95000000000003,87.39999999999992,100.0,74.50000000000001,75.40000000000005,0,0,0,0,0,357.88000000000034,15.100000000000005
30,-0.01,79.68000000000005,99.55,85.0,0,1,7,2,9,90.18571428571424,74.65000000000003,86.94999999999992,99.55,74.20000000000002,75.10000000000005,0,0,0,0,0,357.8100000000003,16.060000000000006
31,-0.01,79.67000000000004,99.1,84.5,0,1,7,2,9,89.7571428571428,74.27500000000003,86.49999999999991,99.1,73.90000000000002,74.65000000000005,0,0,0,0,0,357.74000000000035,16.53000000000001
32,-0.01,79.66000000000004,98.64999999999999,84.0,0,1,7,2,9,89.3071428571428,73.97500000000004,86.04999999999991,98.64999999999999,73.60000000000002,74.35000000000005,0,0,0,0,0,357.67000000000036,17.49000000000001
33,-0.01,79.65000000000003,98.19999999999999,83.5,0,1,7,2,9,88.8571428571428,73.67500000000004,85.59999999999991,98.19999999999999,73.30000000000003,74.05000000000005,0,0,0,0,0,357.60000000000036,18.45000000000001
34,-0.01,79.64000000000003,97.74999999999999,83.0,0,1,7,2,9,88.42857142857136,73.30000000000004,85.1499999999999,97.74999999999999,72.85000000000002,73.75000000000006,0,0,0,0,0,357.5300000000003,18.92000000000001
35,-0.01,79.63000000000002,97.29999999999998,82.5,0,1,7,2,9,87.99999999999993,72.92500000000004,84.6999999999999,97.29999999999998,72.40000000000002,73.45000000000006,0,0,0,0,0,357.4600000000004,19.390000000000008
36,-0.01,79.62000000000002,96.84999999999998,82.0,0,1,7,2,9,87.57142857142853,72.62500000000004,84.2499999999999,96.84999999999998,72.10000000000002,73.15000000000006,0,0,0,0,0,357.3900000000003,20.35000000000001
37,-0.01,79.61000000000001,96.39999999999998,81.5,0,1,7,2,9,87.14285714285708,72.32500000000005,83.7999999999999,96.39999999999998,71.80000000000003,72.85000000000007,0,0,0,0,0,357.32000000000033,21.31000000000001
38,-0.01,79.60000000000001,95.94999999999997,81.0,0,1,7,2,9,86.71428571428565,72.02500000000005,83.3499999999999,95.94999999999997,71.50000000000003,72.55000000000007,0,0,0,0,0,357.2500000000003,22.27000000000001
39,-0.01,79.59,95.49999999999997,80.5,0,1,7,2,9,88.72857142857139,71.72500000000005,82.89999999999989,100.0,71.20000000000003,72.25000000000007,0,0,0,0,0,397.17000000000036,23.23000000000001
40,-0.01,79.58,95.04999999999997,80.0,0,1,7,2,9,88.29999999999994,71.42500000000005,82.44999999999989,99.55,70.90000000000003,71.95000000000007,0,0,0,0,0,397.10000000000036,24.190000000000012
41,-0.01,79.57,94.59999999999997,79.5,0,1,7,2,9,87.87142857142851,71.12500000000006,81.99999999999989,99.1,70.60000000000004,71.65000000000008,0,0,0,0,0,397.03000000000037,25.150000000000013
42,0.48,80.05,94.29999999999997,99.0,0,1,7,2,9,87.57142857142851,70.82500000000006,81.69999999999989,98.8,70.30000000000004,71.35000000000008,0,0,0,0,0,400.39000000000027,26.110000000000014
43,-0.01,80.03999999999999,93.84999999999997,98.5,0,1,7,2,9,87.14285714285708,70.52500000000006,81.24999999999989,98.35,70.00000000000004,71.05000000000008,0,0,0,0,0,400.3200000000003,27.070000000000014
44,-0.01,80.02999999999999,93.39999999999996,98.0,0,1,7,2,9,86.71428571428565,70.22500000000007,80.79999999999988,97.89999999999999,69.70000000000005,70.75000000000009,0,0,0,0,0,400.2500000000003,28.030000000000015
45,-0.01,80.01999999999998,92.94999999999996,97.5,0,1,7,2,9,86.28571428571422,69.92500000000007,80.34999999999988,97.44999999999999,69.40000000000005,70.45000000000009,0,0,0,0,0,400.1800000000003,28.990000000000016
46,-0.01,80.00999999999998,92.49999999999996,97.0,0,1,7,2,9,85.87857142857138,69.62500000000007,79.89999999999988,96.99999999999999,69.10000000000005,70.15000000000009,0,0,0,0,0,400.1100000000003,29.950000000000017
47,-0.01,79.99999999999997,92.04999999999995,96.5,0,1,7,2,9,88.4071428571428,69.32500000000007,79.89999999999988,100.0,68.80000000000005,69.8500000000001,0,0,0,0,0,440.0300000000003,30.910000000000018
48,-0.01,79.98999999999997,91.59999999999995,96.0,0,1,7,2,9,90.93571428571427,69.02500000000008,79.7499999999999,100.0,68.50000000000006,69.5500000000001,0,0,0,0,0,479.9500000000003,31.87000000000002
49,-0.01,79.97999999999996,91.14999999999995,95.5,0,1,7,2,9,93.4642857142857,68.72500000000008,83.50000000000006,100.0,68.20000000000006,69.2500000000001,0,0,0,0,0,519.8700000000003,32.83000000000002
50,-0.01,79.96999999999996,90.69999999999995,95.0,0,1,7,2,9,93.05714285714284,68.42500000000008,83.20000000000006,99.7,67.90000000000006,68.9500000000001,0,0,0,0,0,519.8000000000002,33.79000000000002
51,-0.01,79.95999999999995,90.24999999999994,94.5,0,1,7,2,9,92.64999999999998,68.12500000000009,82.75000000000006,99.4,67.60000000000007,68.6500000000001,0,0,0,0,0,520.2200000000001,34.75000000000002
52,-0.01,79.94999999999995,89.79999999999994,94.0,0,1,7,2,9,92.22142857142856,67.82500000000009,82.30000000000005,99.10000000000001,67.30000000000007,68.35000000000011,0,0,0,0,0,520.1500000000002,35.71000000000002
53,-0.01,79.93999999999994,89.34999999999994,93.5,0,1,7,2,9,91.81428571428569,67.52500000000009,82.00000000000006,98.80000000000001,67.00000000000007,68.05000000000011,0,0,0,0,0,520.08,36.67000000000002
54,-0.01,79.92999999999994,88.89999999999993,93.0,0,1,7,2,9,91.40714285714283,67.2250000000001,81.70000000000006,98.50000000000001,66.70000000000007,67.75000000000011,0,0,0,0,0,520.0100000000001,37.630000000000024
55,-0.01,79.91999999999993,88.44999999999993,92.5,0,1,7,2,9,90.99999999999999,66.9250000000001,81.40000000000006,98.20000000000002,66.40000000000008,67.45000000000012,0,0,0,0,0,519.94,38.590000000000025
56,-0.01,79.90999999999993,87.99999999999993,92.0,0,1,7,2,9,90.57142857142854,66.6250000000001,81.10000000000007,97.75000000000001,66.10000000000008,67.15000000000012,0,0,0,0,0,519.8700000000001,39.550000000000026
57,-0.01,79.89999999999992,87.54999999999993,91.5,0,1,7,2,9,90.1642857142857,66.3250000000001,80.80000000000007,97.45000000000002,65.80000000000008,66.85000000000012,0,0,0,0,0,519.8000000000001,40.510000000000026
58,-0.01,79.88999999999992,87.09999999999992,91.0,0,1,7,2,9,89.75714285714284,66.0250000000001,80.50000000000007,97.15000000000002,65.50000000000009,66.55000000000013,0,0,0,0,0,519.73,41.47000000000003
59,-0.01,79.87999999999991,86.64999999999992,90.5,0,1,7,2,9,89.34999999999995,65.72500000000011,80.20000000000007,96.85000000000002,65.20000000000009,66.25000000000013,0,0,0,0,0,519.66,41.940000000000026
60,-0.01,79.8699999999999,86.19999999999992,90.0,0,1,7,2,9,88.9428571428571,65.42500000000011,79.90000000000008,96.55000000000003,64.90000000000009,65.95000000000013,0,0,0,0,0,519.5899999999999,42.90000000000003
61,-0.01,79.8599999999999,85.74999999999991,89.5,0,1,7,2,9,91.44999999999995,65.12500000000011,79.89999999999988,100.0,64.6000000000001,65.65000000000013,0,0,0,0,0,559.5099999999999,43.86000000000003
62,-0.01,79.8499999999999,85.29999999999991,89.0,0,1,7,2,9,93.9785714285714,64.82500000000012,85.29999999999991,100.0,64.3000000000001,65.35000000000014,0,0,0,0,0,599.43,44.82000000000003
63,-0.01,79.83999999999989,84.84999999999991,88.5,0,1,7,2,9,93.57142857142856,64.52500000000012,84.84999999999991,99.55,64.0000000000001,65.05000000000014,0,0,0,0,0,599.3599999999999,45.78000000000003
64,-0.01,79.82999999999988,84.3999999999999,88.0,0,1,7,2,9,93.16428571428568,64.22500000000012,84.3999999999999,99.10000000000001,63.7000000000001,64.75000000000014,0,0,0,0,0,599.2899999999998,46.74000000000003
65,-0.01,79.81999999999988,83.9499999999999,87.5,0,1,7,2,9,92.75714285714282,63.925000000000125,83.9499999999999,98.80000000000001,63.400000000000105,64.45000000000014,0,0,0,0,0,599.2199999999999,47.70000000000003
66,-0.01,79.80999999999987,83.4999999999999,87.0,0,1,7,2,9,92.34999999999998,63.62500000000013,83.4999999999999,98.50000000000001,63.10000000000011,64.15000000000015,0,0,0,0,0,599.1499999999999,48.66000000000003
67,-0.01,79.79999999999987,83.0499999999999,86.5,0,1,7,2,9,91.94285714285711,63.32500000000013,83.0499999999999,98.20000000000002,62.80000000000011,63.85000000000015,0,0,0,0,0,599.0799999999997,49.62000000000003
68,-0.01,79.78999999999986,82.5999999999999,86.0,0,1,7,2,9,93.3785714285714,63.025000000000134,82.5999999999999,100.0,62.500000000000114,63.55000000000015,0,0,0,0,0,638.9999999999997,50.580000000000034
69,-0.01,79.77999999999986,82.14999999999989,85.5,0,1,7,2,9,92.97142857142855,62.725000000000136,82.14999999999989,99.55,62.20000000000012,63.250000000000156,0,0,0,0,0,638.9299999999996,51.540000000000035
70,-0.01,79.76999999999985,81.69999999999989,85.0,0,1,7,2,9,92.56428571428569,62.42500000000014,81.69999999999989,99.1,61.90000000000012,62.95000000000016,0,0,0,0,0,638.8599999999997,52.500000000000036
71,-0.01,79.75999999999985,81.24999999999989,84.5,0,1,7,2,9,92.15714285714284,62.12500000000014,81.24999999999989,98.64999999999999,61.60000000000012,62.65000000000016,0,0,0,0,0,638.7899999999996,53.460000000000036
72,-0.01,79.74999999999984,80.79999999999988,84.0,0,1,7,2,9,91.74999999999997,61.825000000000145,80.79999999999988,98.19999999999999,61.300000000000125,62.350000000000165,0,0,0,0,0,638.7199999999996,54.42000000000004
73,-0.01,79.73999999999984,80.34999999999988,83.5,0,1,8,2,10,77.38749999999997,61.52500000000015,40.0,97.74999999999999,61.00000000000013,62.05000000000017,1,0,0,0,0,653.6399999999995,55.38000000000004
74,-0.01,79.72999999999983,79.89999999999988,83.0,0,1,8,2,10,90.97499999999997,61.22500000000015,79.7,100.0,60.70000000000013,61.75000000000017,1,0,0,0,0,773.5299999999995,56.34000000000004
75,39.980000000000004,119.70999999999984,100.0,82.5,0,1,8,2,10,95.68749999999997,60.92500000000015,87.54999999999993,100.0,60.400000000000134,61.45000000000017,1,0,0,0,0,853.4299999999995,57.30000000000004
76,-0.01,119.69999999999983,99.55,82.0,0,1,8,2,10,95.27499999999998,60.625000000000156,87.09999999999992,99.55,60.100000000000136,61.150000000000176,1,0,0,0,0,853.3499999999993,58.26000000000004
77,-0.01,119.68999999999983,99.1,81.5,0,1,8,2,10,94.84374999999997,60.32500000000016,86.64999999999992,99.1,59.80000000000014,60.85000000000018,1,0,0,0,0,853.2699999999993,59.22000000000004
78,-0.01,119.67999999999982,98.64999999999999,81.0,0,1,9,2,11,81.71666666666664,60.02500000000016,40.0,98.64999999999999,59.50000000000014,60.55000000000018,2,0,0,0,0,868.1799999999994,60.18000000000004
79,-0.01,119.66999999999982,98.19999999999999,80.5,0,1,10,2,12,82.91,59.725000000000165,40.0,100.0,59.200000000000145,60.250000000000185,3,0,0,0,0,1043.0399999999993,61.14000000000004
80,-0.01,119.65999999999981,97.74999999999999,80.0,0,1,10,2,12,93.74499999999998,59.42500000000017,79.7,100.0,58.90000000000015,59.95000000000019,3,0,0,0,0,1162.9099999999994,62.100000000000044
81,-0.01,119.6499999999998,97.29999999999998,79.5,0,1,10,2,12,95.38499999999998,59.12500000000017,84.84999999999991,100.0,58.60000000000015,59.65000000000019,3,0,0,0,0,1202.7999999999995,63.060000000000045
82,0.48,120.12999999999981,96.99999999999999,99.0,0,1,10,2,12,95.03999999999999,58.82500000000017,84.3999999999999,99.55,58.30000000000015,59.35000000000019,3,0,0,0,0,1205.6399999999996,64.02000000000004
83,-0.01,120.1199999999998,96.54999999999998,98.5,0,1,11,2,13,84.22727272727272,58.525000000000176,40.0,99.1,58.000000000000156,59.050000000000196,4,0,0,0,0,1220.5299999999995,64.98000000000003
84,-0.01,120.1099999999998,96.09999999999998,98.0,0,1,13,2,15,75.8153846153846,58.22500000000018,40.0,100.0,57.70000000000016,58.7500000000002,6,0,0,0,0,1370.3699999999994,65.94000000000003
85,-0.01,120.0999999999998,95.64999999999998,97.5,0,1,13,2,15,92.63461538461539,57.92500000000018,79.7,100.0,57.40000000000016,58.4500000000002,6,0,0,0,0,1610.1799999999994,66.90000000000002
86,-0.01,120.08999999999979,95.19999999999997,97.0,0,1,13,2,15,95.4230769230769,57.55000000000018,82.5999999999999,100.0,56.950000000000166,58.150000000000205,6,0,0,0,0,1690.029999999999,67.37000000000002
87,-0.01,120.07999999999979,94.74999999999997,96.5,0,1,13,2,15,95.00769230769227,57.250000000000185,82.14999999999989,99.55,56.65000000000017,57.85000000000021,6,0,0,0,0,1689.8999999999992,68.33000000000001
88,-0.01,120.06999999999978,94.29999999999997,96.0,0,1,14,2,16,86.43928571428569,56.87500000000019,40.0,99.25,56.20000000000017,57.55000000000021,7,0,0,0,0,1704.7599999999995,68.80000000000001
89,-0.01,120.05999999999977,93.84999999999997,95.5,0,1,17,2,19,71.55294117647057,56.575000000000195,40.0,100.0,55.900000000000176,57.25000000000021,10,0,0,0,0,1829.5699999999995,69.76
90,-0.01,120.04999999999977,93.39999999999996,95.0,0,1,18,2,20,86.16944444444444,56.2750000000002,40.0,100.0,55.60000000000018,56.950000000000216,11,0,0,0,0,2244.2899999999995,70.72
91,-0.01,120.03999999999976,92.94999999999996,94.5,0,1,19,2,21,88.31052631578946,55.9750000000002,40.0,100.0,55.30000000000018,56.65000000000022,12,0,0,0,0,2459.0499999999993,71.67999999999999
92,-0.01,120.02999999999976,92.49999999999996,94.0,0,1,19,2,21,94.31315789473683,55.6750000000002,79.7,100.0,55.000000000000185,56.35000000000022,12,0,0,0,0,2618.8199999999993,72.63999999999999
93,-0.01,120.01999999999975,92.04999999999995,93.5,0,1,20,2,22,90.31749999999998,55.30000000000021,40.0,100.0,54.70000000000019,55.900000000000226,13,0,0,0,0,2713.5999999999995,73.10999999999999
94,-0.01,120.00999999999975,91.59999999999995,93.0,0,1,24,2,26,75.91041666666666,55.00000000000021,40.0,100.0,54.40000000000019,55.60000000000023,17,0,0,0,0,2893.819999999999,74.06999999999998
95,-0.01,119.99999999999974,91.14999999999995,92.5,0,1,26,2,28,85.27884615384616,54.700000000000216,40.0,100.0,54.10000000000019,55.30000000000023,19,0,0,0,0,3443.429999999999,75.02999999999997
96,-0.01,119.98999999999974,90.69999999999995,92.0,0,1,30,2,32,78.06666666666665,54.40000000000022,40.0,100.0,53.800000000000196,55.000000000000234,23,0,0,0,0,3783.0599999999995,75.98999999999997
97,-0.01,119.97999999999973,90.24999999999994,91.5,0,1,31,2,33,88.80322580645161,54.10000000000022,40.0,100.0,53.5000000000002,54.70000000000024,24,0,0,0,0,4277.629999999997,76.94999999999996
98,-0.01,119.96999999999973,89.79999999999994,91.0,0,1,33,2,35,88.9060606060606,53.800000000000225,40.0,100.0,53.2000000000002,54.40000000000024,26,0,0,0,0,4587.229999999999,77.90999999999995
99,-0.01,119.95999999999972,89.34999999999994,90.5,0,1,37,2,39,82.58108108108108,53.50000000000023,40.0,100.0,52.900000000000205,54.10000000000024,30,0,0,0,0,4886.799999999998,78.86999999999995
100,-0.01,119.94999999999972,88.89999999999993,90.0,0,1,41,2,43,80.81463414634146,53.20000000000023,39.7,100.0,52.60000000000021,53.800000000000246,34,0,0,0,0,5386.279999999998,79.82999999999994
101,-0.01,119.93999999999971,88.44999999999993,89.5,0,1,43,2,45,81.4767441860465,52.90000000000023,39.400000000000006,100.0,52.30000000000021,53.50000000000025,36,0,0,0,0,5695.779999999999,80.78999999999994
102,-0.01,119.92999999999971,87.99999999999993,89.0,0,1,47,2,49,77.94999999999999,52.600000000000236,39.10000000000001,100.0,52.00000000000021,53.20000000000025,40,0,0,0,0,6075.229999999998,81.74999999999993
103,-0.01,119.9199999999997,87.54999999999993,88.5,0,1,52,2,54,80.23942307692307,52.30000000000024,39.10000000000001,100.0,51.700000000000216,52.900000000000254,45,0,0,0,0,6869.529999999998,82.70999999999992
104,-0.01,119.9099999999997,87.09999999999992,88.0,0,1,58,2,60,76.5491379310345,51.92500000000024,38.80000000000001,100.0,51.25000000000022,52.60000000000026,51,0,0,0,0,7398.839999999999,83.17999999999992
105,-0.01,119.8999999999997,86.64999999999992,87.5,0,1,65,2,67,75.70307692307694,51.62500000000024,39.400000000000006,100.0,50.95000000000022,52.30000000000026,58,0,0,0,0,8223.009999999998,84.13999999999992
106,-0.01,119.88999999999969,86.19999999999992,87.0,0,1,68,2,70,77.84044117647059,51.325000000000244,39.10000000000001,100.0,50.650000000000226,52.00000000000026,61,0,0,0,0,8747.209999999995,85.09999999999991
107,-0.01,119.87999999999968,85.74999999999991,86.5,0,1,73,2,75,74.31712328767122,51.02500000000025,38.80000000000001,100.0,50.35000000000023,51.700000000000266,66,0,0,0,0,9141.400000000001,86.0599999999999
108,-0.01,119.86999999999968,85.29999999999991,86.0,0,1,77,2,79,77.53051948051947,50.72500000000025,38.500000000000014,100.0,50.05000000000023,51.40000000000027,70,0,0,0,0,9960.439999999999,87.0199999999999
109,0.48,120.34999999999968,84.99999999999991,100.0,0,1,85,2,87,70.68058823529412,50.42500000000025,38.20000000000002,100.0,49.750000000000234,51.10000000000027,78,0,0,0,0,10360.009999999998,87.97999999999989
110,-0.01,120.33999999999968,84.54999999999991,99.5,0,1,88,2,90,72.54602272727274,50.125000000000256,37.90000000000002,100.0,49.45000000000024,50.800000000000274,81,0,0,0,0,10963.99,88.93999999999988
111,-0.01,120.32999999999967,84.09999999999991,99.0,0,1,96,2,98,71.02395833333334,49.82500000000026,38.20000000000002,100.0,49.15000000000024,50.50000000000028,89,0,0,0,0,11802.849999999997,89.89999999999988
112,-0.01,120.31999999999967,83.6499999999999,98.5,0,1,103,2,105,69.87961165048544,49.52500000000026,37.90000000000002,100.0,48.85000000000024,50.20000000000028,96,0,0,0,0,12546.659999999994,90.85999999999987
113,-0.01,120.30999999999966,83.1999999999999,98.0,0,1,108,2,110,71.3976851851852,49.225000000000264,37.60000000000002,100.0,48.550000000000246,49.90000000000028,101,0,0,0,0,13340.4,91.81999999999987
114,-0.01,120.29999999999966,82.7499999999999,97.5,0,1,115,2,117,69.99782608695654,48.92500000000027,37.300000000000026,100.0,48.25000000000025,49.600000000000286,108,0,0,0,0,14004.11,92.77999999999986
115,-0.01,120.28999999999965,82.2999999999999,97.0,0,1,122,2,124,67.21721311475412,48.62500000000027,37.00000000000003,100.0,47.95000000000025,49.30000000000029,115,0,0,0,0,14507.789999999999,93.73999999999985
116,-0.01,120.27999999999965,81.8499999999999,96.5,0,1,130,2,132,67.1,48.32500000000027,36.55000000000003,100.0,47.650000000000254,49.00000000000029,123,0,0,0,0,15466.770000000006,94.69999999999985
117,-0.01,120.26999999999964,81.39999999999989,96.0,0,1,139,2,141,65.2338129496403,48.025000000000276,36.250000000000036,100.0,47.35000000000026,48.700000000000294,132,0,0,0,0,16201.209999999997,95.65999999999984
118,-0.01,120.25999999999964,80.94999999999989,95.5,0,1,140,2,142,68.95678571428572,47.72500000000028,35.95000000000004,100.0,47.05000000000026,48.4000000000003,133,0,0,0,0,16975.110000000004,96.61999999999983
119,-0.01,120.24999999999963,80.49999999999989,95.0,0,1,151,2,153,65.78311258278147,47.42500000000028,35.65000000000004,100.0,46.75000000000026,48.1000000000003,144,0,0,0,0,17818.92,97.57999999999983
120,-0.01,120.23999999999963,80.04999999999988,94.5,0,1,156,2,158,67.57756410256411,47.05000000000028,35.350000000000044,100.0,46.30000000000027,47.8000000000003,149,0,0,0,0,18772.630000000016,98.04999999999983
121,-0.01,120.22999999999962,79.59999999999988,94.0,0,1,170,2,172,65.07764705882354,46.750000000000284,31.600000000000023,100.0,46.00000000000027,47.500000000000306,163,0,0,0,0,19980.679999999993,99.00999999999982
122,39.980000000000004,160.20999999999964,100.0,93.5,0,1,186,2,188,62.22607526881722,46.45000000000029,31.300000000000022,100.0,45.70000000000027,47.20000000000031,179,0,0,0,0,21262.48000000003,99.96999999999981
123,-0.01,160.19999999999965,99.55,93.0,0,1,188,2,190,63.48324468085107,46.15000000000029,31.00000000000002,100.0,45.400000000000276,46.90000000000031,181,0,0,0,0,21850.46000000001,100.92999999999981
124,-0.01,160.18999999999966,99.1,92.5,0,1,197,2,199,63.40888324873098,45.85000000000029,30.70000000000002,100.0,45.10000000000028,46.600000000000314,190,0,0,0,0,22943.250000000007,101.8899999999998
125,-0.01,160.17999999999967,98.64999999999999,92.0,0,1,205,2,207,62.66414634146343,45.550000000000296,30.40000000000002,100.0,44.80000000000028,46.30000000000032,198,0,0,0,0,23741.520000000026,102.8499999999998
126,-0.01,160.16999999999967,98.19999999999999,91.5,0,1,217,2,219,60.68133640552996,45.2500000000003,30.10000000000002,100.0,44.500000000000284,46.00000000000032,210,0,0,0,0,24719.150000000027,103.80999999999979
127,-0.01,160.15999999999968,97.74999999999999,91.0,0,1,226,2,228,60.971017699115066,44.875000000000306,29.80000000000002,100.0,44.05000000000029,45.70000000000032,219,0,0,0,0,25893.099999999995,104.27999999999979
128,-0.01,160.1499999999997,97.29999999999998,90.5,0,1,226,2,228,64.04756637168143,44.57500000000031,29.500000000000018,100.0,43.75000000000029,45.400000000000325,219,0,0,0,0,26811.10000000002,105.23999999999978
129,-0.01,160.1399999999997,96.84999999999998,90.0,0,1,226,2,228,67.15929203539825,44.27500000000031,30.850000000000023,100.0,43.450000000000294,45.10000000000033,219,0,0,0,0,27729.590000000022,106.19999999999978
130,-0.01,160.1299999999997,96.39999999999998,89.5,0,1,226,2,228,69.47964601769914,43.975000000000314,30.550000000000022,100.0,43.1500000000003,44.80000000000033,219,0,0,0,0,28447.64000000001,107.15999999999977
131,-0.01,160.11999999999972,95.94999999999997,89.0,0,1,226,2,228,70.76902654867258,43.60000000000032,30.25000000000002,100.0,42.8500000000003,44.350000000000335,219,0,0,0,0,28926.73000000002,107.62999999999977
132,-0.01,160.10999999999973,95.49999999999997,88.5,0,1,226,2,228,73.53053097345133,43.300000000000324,30.850000000000037,100.0,42.5500000000003,44.05000000000034,219,0,0,0,0,29725.250000000015,108.58999999999976
133,-0.01,160.09999999999974,95.04999999999997,88.0,0,1,226,2,228,74.6033185840708,42.925000000000324,30.550000000000036,100.0,42.250000000000306,43.60000000000034,219,0,0,0,0,30163.859999999993,109.05999999999976
134,-0.01,160.08999999999975,94.59999999999997,87.5,0,1,226,2,228,76.57234513274338,42.62500000000033,31.150000000000073,100.0,41.95000000000031,43.300000000000345,219,0,0,0,0,30761.940000000024,110.01999999999975
135,-0.01,160.07999999999976,94.14999999999996,87.0,0,1,226,2,228,78.73429203539825,42.32500000000033,31.900000000000077,100.0,41.65000000000031,43.00000000000035,219,0,0,0,0,31439.999999999993,110.97999999999975
136,-0.01,160.06999999999977,93.69999999999996,86.5,1,1,226,2,228,80.64623893805312,41.95000000000033,32.35000000000007,100.0,41.200000000000315,42.70000000000035,219,0,0,0,0,32119.04000000004,111.44999999999975
137,-0.01,160.05999999999977,93.24999999999996,86.0,1,1,226,2,228,83.12212389380532,41.65000000000033,32.050000000000075,100.0,40.90000000000032,42.400000000000354,219,0,0,0,0,32998.03000000003,112.40999999999974
138,-0.01,160.04999999999978,92.79999999999995,85.5,1,1,226,2,228,84.50818584070798,41.350000000000335,32.65000000000007,100.0,40.60000000000032,42.10000000000036,219,0,0,0,0,33477.610000000044,113.36999999999973
139,-0.01,160.0399999999998,92.34999999999995,85.0,1,1,226,2,228,85.04977876106194,41.05000000000034,32.80000000000007,100.0,40.300000000000324,41.80000000000036,219,0,0,0,0,33756.750000000015,114.32999999999973
140,-0.01,160.0299999999998,91.89999999999995,84.5,1,1,226,2,228,87.29380530973451,40.75000000000034,33.100000000000065,100.0,40.00000000000033,41.50000000000036,219,0,0,0,0,34475.77999999999,115.28999999999972
141,0.48,160.5099999999998,91.59999999999995,100.0,1,1,226,2,228,88.38429203539822,40.450000000000344,33.100000000000065,100.0,39.70000000000033,41.200000000000365,219,0,0,0,0,34955.84999999997,116.24999999999972
142,-0.01,160.4999999999998,91.14999999999995,99.5,1,1,226,2,228,90.07699115044248,40.15000000000035,33.70000000000006,100.0,39.40000000000033,40.90000000000037,219,0,0,0,0,35594.900000000016,117.20999999999971
143,-0.01,160.4899999999998,90.69999999999995,99.0,1,1,226,2,228,92.05862831858407,39.85000000000035,34.45000000000005,100.0,39.100000000000335,40.60000000000037,219,0,0,0,0,36353.919999999955,118.1699999999997
144,-0.01,160.47999999999982,90.24999999999994,98.5,1,1,226,2,228,93.13185840707963,39.55000000000035,34.150000000000055,100.0,38.80000000000034,40.300000000000374,219,0,0,0,0,36793.02000000008,119.1299999999997
145,-0.01,160.46999999999983,89.79999999999994,98.0,1,1,226,2,228,93.83075221238934,39.250000000000355,73.85000000000005,100.0,38.50000000000034,40.00000000000038,219,0,0,0,0,37232.61000000004,120.08999999999969
146,-0.01,160.45999999999984,89.34999999999994,97.5,0,1,226,2,228,93.73517699115041,38.95000000000036,79.94999999999997,100.0,38.200000000000344,39.70000000000038,219,0,0,0,0,37353.25999999999,121.04999999999968
147,-0.01,160.44999999999985,88.89999999999993,97.0,1,1,226,2,228,93.45088495575219,38.65000000000036,79.79999999999998,100.0,37.90000000000035,39.40000000000038,219,0,0,0,0,37473.42000000004,122.00999999999968
148,-0.01,160.43999999999986,88.44999999999993,96.5,1,1,226,2,228,93.187610619469,38.350000000000364,79.94999999999996,100.0,37.60000000000035,39.100000000000385,219,0,0,0,0,37553.59,122.96999999999967
149,-0.01,160.42999999999986,87.99999999999993,96.0,1,1,226,2,228,92.83561946902651,38.05000000000037,81.69999999999989,100.0,37.30000000000035,38.80000000000039,219,0,0,0,0,37595.24000000004,123.92999999999967
150,-0.01,160.41999999999987,87.54999999999993,95.5,1,1,226,2,228,92.41615044247783,37.75000000000037,81.24999999999989,100.0,37.000000000000355,38.50000000000039,219,0,0,0,0,37634.92999999999,124.88999999999966
151,-0.01,160.40999999999988,87.09999999999992,95.0,1,1,226,2,228,92.00995575221236,37.45000000000037,80.79999999999988,100.0,36.70000000000036,38.200000000000394,219,0,0,0,0,37676.090000000055,125.84999999999965
152,-0.01,160.3999999999999,86.64999999999992,94.5,1,1,226,2,228,91.5898230088495,37.07500000000038,80.49999999999989,100.0,36.25000000000036,37.9000000000004,219,0,0,0,0,37716.270000000055,126.31999999999965
153,-0.01,160.3899999999999,86.19999999999992,94.0,1,1,226,2,228,91.14778761061945,36.70000000000039,80.19999999999989,99.55,35.80000000000037,37.6000000000004,219,0,0,0,0,37718.42000000003,126.78999999999965
154,-0.01,160.3799999999999,85.74999999999991,93.5,1,1,226,2,228,90.70376106194685,36.40000000000039,79.89999999999989,99.1,35.50000000000037,37.3000000000004,219,0,0,0,0,37719.100000000064,127.74999999999966
155,-0.01,160.36999999999992,85.29999999999991,93.0,1,1,226,2,228,90.34800884955746,36.10000000000039,80.65000000000002,100.0,35.20000000000037,37.000000000000405,219,0,0,0,0,37758.300000000025,128.70999999999967
156,-0.01,160.35999999999993,84.84999999999991,92.5,1,1,226,2,228,89.9398230088495,35.800000000000395,80.20000000000002,100.0,34.900000000000375,36.70000000000041,219,0,0,0,0,37798.970000000074,129.66999999999967
157,-0.01,160.34999999999994,84.3999999999999,92.0,1,1,226,2,228,89.56084070796453,35.5000000000004,79.75000000000001,100.0,34.60000000000038,36.40000000000041,219,0,0,0,0,37881.590000000026,130.62999999999965
158,-0.01,160.33999999999995,83.9499999999999,91.5,1,1,226,2,228,89.25685840707959,35.2000000000004,79.90000000000016,100.0,34.30000000000038,36.10000000000041,219,0,0,0,0,37962.74000000008,131.5899999999997
159,-0.01,160.32999999999996,83.4999999999999,91.0,1,1,226,2,228,88.90707964601765,34.900000000000404,79.7499999999999,100.0,34.000000000000384,35.800000000000416,219,0,0,0,0,38005.86000000003,132.54999999999967
160,-0.01,160.31999999999996,83.0499999999999,90.5,1,1,226,2,228,88.783628318584,34.600000000000406,79.3,100.0,33.70000000000039,35.50000000000042,219,0,0,0,0,38165.030000000006,133.5099999999997
161,-0.01,160.30999999999997,82.5999999999999,90.0,1,1,226,2,228,88.59845132743357,34.30000000000041,79.59999999999998,100.0,33.40000000000039,35.20000000000042,219,0,0,0,0,38289.600000000006,134.4699999999997
162,-0.01,160.29999999999998,82.14999999999989,89.5,1,1,226,2,228,88.57057522123885,34.00000000000041,80.04999999999991,100.0,33.10000000000039,34.900000000000425,219,0,0,0,0,38532.67000000004,135.42999999999972
163,-0.01,160.29,81.69999999999989,89.0,1,1,226,2,228,88.13252212389375,33.700000000000415,79.59999999999991,99.7,32.800000000000395,34.60000000000043,219,0,0,0,0,38537.76000000004,136.3899999999997
164,-0.01,160.28,81.24999999999989,88.5,1,1,226,2,228,87.92942477876099,33.40000000000042,80.19999999999999,100.0,32.5000000000004,34.30000000000043,219,0,0,0,0,38662.82000000003,137.34999999999974
165,-0.01,160.27,80.79999999999988,88.0,1,1,226,2,228,87.48672566371674,33.02500000000042,79.74999999999999,99.55,32.2000000000004,33.850000000000435,219,0,0,0,0,38663.98999999998,137.8199999999997
166,-0.01,160.26000000000002,80.34999999999988,87.5,1,1,226,2,228,87.13827433628312,32.65000000000042,79.29999999999998,100.0,31.9000000000004,33.40000000000044,219,0,0,0,0,38706.62000000001,138.28999999999974
167,-0.01,160.25000000000003,79.89999999999988,87.0,1,1,226,2,228,86.87942477876098,32.35000000000042,78.84999999999998,100.0,31.6000000000004,33.10000000000044,219,0,0,0,0,38788.26000000007,139.24999999999972
168,-0.01,160.24000000000004,79.44999999999987,86.5,1,1,226,2,228,86.99225663716808,32.05000000000042,79.44999999999987,100.0,31.3000000000004,32.800000000000445,219,0,0,0,0,39031.82000000009,140.20999999999975
169,39.980000000000004,200.22000000000003,100.0,86.0,1,1,226,2,228,86.90199115044241,31.750000000000423,79.59999999999988,100.0,31.000000000000398,32.50000000000045,219,0,0,0,0,39192.950000000026,141.16999999999973
170,-0.01,200.21000000000004,99.55,85.5,1,1,226,2,228,86.81039823008844,31.450000000000422,79.59999999999988,100.0,30.700000000000397,32.20000000000045,219,0,0,0,0,39352.12000000004,142.12999999999977
171,-0.01,200.20000000000005,99.1,85.0,1,1,226,2,228,86.88141592920346,31.150000000000425,79.59999999999988,100.0,30.400000000000396,31.90000000000045,219,0,0,0,0,39591.76000000004,142.59999999999974
172,-0.01,200.19000000000005,98.64999999999999,84.5,1,1,226,2,228,86.71150442477868,30.85000000000042,79.59999999999988,100.0,30.100000000000396,31.60000000000045,219,0,0,0,0,39710.94000000003,143.55999999999977
173,-0.01,200.18000000000006,98.19999999999999,84.0,1,1,226,2,228,87.36460176991143,30.550000000000423,79.14999999999988,100.0,29.800000000000395,31.30000000000045,219,0,0,0,0,40190.030000000006,144.51999999999975
174,-0.01,200.17000000000007,97.74999999999999,83.5,1,1,226,2,228,88.42853982300879,30.25000000000042,79.14999999999988,100.0,29.500000000000394,31.000000000000448,219,0,0,0,0,40909.06000000007,145.4799999999998
175,-0.01,200.16000000000008,97.29999999999998,83.0,1,1,226,2,228,89.04999999999995,29.950000000000422,79.59999999999988,100.0,29.200000000000394,30.700000000000447,219,0,0,0,0,41387.17000000009,146.43999999999977
176,-0.01,200.1500000000001,96.84999999999998,82.5,1,1,226,2,228,89.94535398230083,29.650000000000418,79.29999999999988,100.0,28.900000000000393,30.400000000000446,219,0,0,0,0,41987.70000000005,147.3999999999998
177,-0.01,200.1400000000001,96.39999999999998,82.0,1,1,226,2,228,90.2314159292035,29.35000000000042,78.84999999999988,100.0,28.600000000000392,30.100000000000446,219,0,0,0,0,42306.339999999975,148.3599999999998
178,-0.01,200.1300000000001,95.94999999999997,81.5,1,1,226,2,228,90.16039823008845,29.050000000000416,78.54999999999988,100.0,28.30000000000039,29.800000000000445,219,0,0,0,0,42505.98999999998,149.31999999999982
179,-0.01,200.12000000000012,95.49999999999997,81.0,1,1,226,2,228,90.44513274336278,28.75000000000042,78.24999999999989,100.0,28.00000000000039,29.500000000000444,219,0,0,0,0,42824.63000000006,150.2799999999998
180,-0.01,200.11000000000013,95.04999999999997,80.5,1,1,226,2,228,90.93362831858403,28.450000000000415,79.89999999999988,100.0,27.70000000000039,29.200000000000443,219,0,0,0,0,43262.74999999997,151.23999999999984
181,-0.01,200.10000000000014,94.59999999999997,80.0,1,1,226,2,228,91.06769911504419,28.150000000000418,79.59999999999988,100.0,27.40000000000039,28.900000000000443,219,0,0,0,0,43543.360000000015,152.19999999999982
182,-0.01,200.09000000000015,94.14999999999996,79.5,1,1,226,2,228,91.35243362831852,27.850000000000414,79.59999999999988,100.0,27.10000000000039,28.600000000000442,219,0,0,0,0,43863.470000000016,153.15999999999985
183,-0.01,200.08000000000015,93.84999999999997,79.0,1,1,226,2,228,91.64845132743359,27.550000000000416,79.59999999999988,100.0,26.800000000000388,28.30000000000044,219,0,0,0,0,44222.100000000035,154.11999999999983
184,0.48,200.56000000000014,93.54999999999997,98.5,1,1,226,2,228,92.01482300884952,27.250000000000412,79.74999999999989,100.0,26.500000000000387,28.00000000000044,219,0,0,0,0,44582.690000000024,155.07999999999987
185,-0.01,200.55000000000015,93.09999999999997,98.0,1,1,226,2,228,91.8422566371681,26.950000000000415,79.59999999999988,100.0,26.200000000000387,27.70000000000044,219,0,0,0,0,44701.380000000034,156.03999999999985
186,-0.01,200.54000000000016,92.64999999999996,97.5,1,1,226,2,228,92.08783185840703,26.65000000000041,79.44999999999987,100.0,25.900000000000386,27.40000000000044,219,0,0,0,0,45061.48000000007,156.9999999999999
187,-0.01,200.53000000000017,92.19999999999996,97.0,1,1,226,2,228,92.37057522123888,26.350000000000414,79.44999999999987,100.0,25.600000000000385,27.10000000000044,219,0,0,0,0,45382.57000000003,157.95999999999987
188,-0.01,200.52000000000018,91.74999999999996,96.5,1,1,226,2,228,92.89623893805305,26.05000000000041,79.44999999999987,100.0,25.300000000000384,26.800000000000438,219,0,0,0,0,45861.66000000003,158.9199999999999
189,-0.01,200.5100000000002,91.29999999999995,96.0,1,1,226,2,228,93.18694690265484,25.750000000000412,78.99999999999987,100.0,25.000000000000384,26.500000000000437,219,0,0,0,0,46221.76000000003,159.87999999999988
190,-0.01,200.5000000000002,90.84999999999995,95.5,1,1,226,2,228,93.38539823008846,25.450000000000408,79.59999999999988,100.0,24.700000000000383,26.200000000000436,219,0,0,0,0,46501.880000000056,160.83999999999992
191,-0.01,200.4900000000002,90.39999999999995,95.0,1,1,226,2,228,93.41659292035393,25.15000000000041,79.29999999999988,100.0,24.400000000000382,25.900000000000436,219,0,0,0,0,46744.95000000007,161.7999999999999
192,-0.01,200.48000000000022,89.94999999999995,94.5,1,1,226,2,228,93.18761061946898,24.850000000000406,79.14999999999988,100.0,24.10000000000038,25.600000000000435,219,0,0,0,0,46904.6100000001,162.75999999999993
193,-0.01,200.47000000000023,89.49999999999994,94.0,1,1,226,2,228,93.05752212389378,24.475000000000406,78.84999999999988,100.0,23.80000000000038,25.150000000000436,219,0,0,0,0,47066.72000000005,163.2299999999999
194,-0.01,200.46000000000024,89.04999999999994,93.5,1,1,226,2,228,92.86902654867254,24.17500000000041,80.04999999999988,100.0,23.50000000000038,24.850000000000435,219,0,0,0,0,47187.860000000095,164.18999999999994
195,-0.01,200.45000000000024,88.59999999999994,93.0,1,1,226,2,228,92.45154867256635,23.80000000000041,79.59999999999988,100.0,23.20000000000038,24.400000000000436,219,0,0,0,0,47227.060000000034,164.6599999999999
196,-0.01,200.44000000000025,88.14999999999993,92.5,1,1,226,2,228,92.19999999999996,23.42500000000041,79.59999999999988,100.0,22.90000000000038,23.950000000000436,219,0,0,0,0,47387.21000000003,165.12999999999994
197,-0.01,200.43000000000026,87.69999999999993,92.0,1,1,226,2,228,91.941814159292,23.125000000000405,80.04999999999988,100.0,22.600000000000378,23.650000000000436,219,0,0,0,0,47468.85000000006,166.08999999999992
198,-0.01,200.42000000000027,87.24999999999993,91.5,1,1,226,2,228,91.4997787610619,22.825000000000408,79.59999999999988,99.55,22.300000000000377,23.350000000000435,219,0,0,0,0,47470.020000000084,167.04999999999995
199,-0.01,200.41000000000028,86.79999999999993,91.0,1,1,226,2,228,91.15331858407073,22.525000000000404,80.94999999999989,100.0,22.000000000000377,23.050000000000434,219,0,0,0,0,47513.6300000001,168.00999999999993
200,-0.01,200.4000000000003,86.34999999999992,90.5,1,1,226,2,228,90.75840707964596,22.225000000000406,80.49999999999989,100.0,21.700000000000376,22.750000000000433,219,0,0,0,0,47553.32000000007,168.96999999999997
201,-0.01,200.3900000000003,85.89999999999992,90.0,1,1,226,2,228,90.34623893805303,21.925000000000402,80.04999999999988,100.0,21.400000000000375,22.450000000000433,219,0,0,0,0,47595.950000000004,169.92999999999995
202,-0.01,200.3800000000003,85.44999999999992,89.5,1,1,226,2,228,89.96725663716808,21.625000000000405,79.59999999999988,100.0,21.100000000000374,22.150000000000432,219,0,0,0,0,47676.610000000015,170.89
203,-0.01,200.37000000000032,84.99999999999991,89.0,1,1,226,2,228,89.76747787610616,21.3250000000004,79.59999999999988,100.0,20.800000000000374,21.85000000000043,219,0,0,0,0,47802.16000000004,171.84999999999997
204,-0.01,200.36000000000033,84.54999999999991,88.5,1,1,226,2,228,89.48075221238932,21.025000000000404,79.59999999999988,100.0,20.500000000000373,21.55000000000043,219,0,0,0,0,47927.22000000004,172.81
205,-0.01,200.35000000000034,84.09999999999991,88.0,1,1,226,2,228,89.27234513274331,20.7250000000004,79.89999999999988,100.0,20.200000000000372,21.25000000000043,219,0,0,0,0,48048.360000000044,173.76999999999998
206,-0.01,200.34000000000034,83.6499999999999,87.5,1,1,226,2,228,88.92389380530969,20.425000000000402,79.59999999999988,100.0,19.90000000000037,20.95000000000043,219,0,0,0,0,48091.48000000005,174.73000000000002
207,-0.01,200.33000000000035,83.1999999999999,87.0,1,1,226,2,228,88.83296460176985,20.050000000000402,79.59999999999988,100.0,19.450000000000372,20.65000000000043,219,0,0,0,0,48293.580000000045,174.70999999999998
208,-0.01,200.32000000000036,82.7499999999999,86.5,0,1,226,2,228,88.91261061946896,19.675000000000402,79.59999999999988,100.0,19.000000000000373,20.350000000000428,219,0,0,0,0,48615.16000000005,175.18
209,-0.01,200.31000000000037,82.2999999999999,86.0,1,1,226,2,228,88.86283185840702,19.300000000000402,79.89999999999988,100.0,18.550000000000374,20.050000000000427,219,0,0,0,0,48815.30000000008,175.64999999999998
210,-0.01,200.30000000000038,81.8499999999999,85.5,1,1,226,2,228,88.62588495575216,18.925000000000402,79.59999999999988,100.0,18.100000000000374,19.750000000000426,219,0,0,0,0,48935.95000000008,176.12
211,-0.01,200.2900000000004,81.39999999999989,85.0,1,1,226,2,228,88.36637168141586,18.550000000000402,79.89999999999988,100.0,17.650000000000375,19.450000000000426,219,0,0,0,0,49015.63000000007,176.09999999999997
212,-0.01,200.2800000000004,80.94999999999989,84.5,1,1,226,2,228,88.0132743362831,18.175000000000402,79.89999999999988,100.0,17.200000000000376,19.150000000000425,219,0,0,0,0,49054.830000000045,176.07999999999998
213,-0.01,200.2700000000004,80.49999999999989,84.0,1,1,226,2,228,87.8831858407079,17.800000000000402,79.89999999999988,100.0,16.750000000000377,18.850000000000424,219,0,0,0,0,49214.49000000009,176.05999999999995
214,-0.01,200.26000000000042,80.04999999999988,83.5,1,1,226,2,228,87.80221238938046,17.425000000000402,79.59999999999988,100.0,16.300000000000377,18.550000000000423,219,0,0,0,0,49372.68000000008,176.03999999999996
215,-0.01,200.25000000000043,79.59999999999988,83.0,1,1,226,2,228,87.88384955752205,17.0500000000004,79.59999999999988,100.0,15.850000000000376,18.250000000000423,219,0,0,0,0,49611.83000000009,176.01999999999992
216,39.980000000000004,240.23000000000042,100.0,82.5,1,1,226,2,228,87.78827433628311,16.6750000000004,79.44999999999987,100.0,15.400000000000375,17.950000000000422,219,0,0,0,0,49811.48000000013,175.99999999999994
217,-0.01,240.22000000000043,99.55,82.0,1,1,226,2,228,87.69336283185832,16.3000000000004,79.59999999999988,100.0,14.950000000000374,17.65000000000042,219,0,0,0,0,49970.65000000008,175.9799999999999
218,-0.01,240.21000000000043,99.1,81.5,1,1,226,2,228,87.43384955752205,15.925000000000397,79.14999999999988,100.0,14.500000000000373,17.35000000000042,219,0,0,0,0,50051.31000000008,175.95999999999992
219,-0.01,240.20000000000044,98.64999999999999,81.0,1,1,226,2,228,87.8798672566371,15.550000000000395,78.69999999999987,100.0,14.050000000000372,17.05000000000042,219,0,0,0,0,50450.91000000007,175.93999999999988
220,-0.01,240.19000000000045,98.19999999999999,80.5,1,1,226,2,228,88.69955752212384,15.175000000000395,78.24999999999987,100.0,13.600000000000371,16.75000000000042,219,0,0,0,0,51009.000000000095,175.9199999999999
221,-0.01,240.18000000000046,97.74999999999999,80.0,1,1,226,2,228,89.16283185840703,14.800000000000395,77.79999999999987,100.0,13.15000000000037,16.45000000000042,219,0,0,0,0,51449.0800000001,175.89999999999986
222,-0.01,240.17000000000047,97.29999999999998,79.5,1,1,226,2,228,90.48694690265482,14.425000000000393,79.59999999999988,100.0,12.700000000000369,16.150000000000418,219,0,0,0,0,52249.56000000008,175.87999999999988
223,0.48,240.65000000000046,96.99999999999999,99.0,1,1,226,2,228,90.7564159292035,14.050000000000392,79.59999999999988,100.0,12.250000000000368,15.850000000000417,219,0,0,0,0,52570.65000000013,175.85999999999984
224,-0.01,240.64000000000047,96.54999999999998,98.5,1,1,226,2,228,90.83871681415924,13.675000000000392,79.59999999999988,100.0,11.800000000000367,15.550000000000416,219,0,0,0,0,52851.26000000008,175.83999999999986
225,-0.01,240.63000000000048,96.09999999999998,98.0,1,1,226,2,228,90.97743362831854,13.300000000000392,79.59999999999988,100.0,11.350000000000366,15.250000000000416,219,0,0,0,0,53130.89000000002,175.81999999999982
226,-0.01,240.6200000000005,95.64999999999998,97.5,1,1,226,2,228,90.89911504424772,12.92500000000039,79.14999999999988,100.0,10.900000000000365,14.950000000000415,219,0,0,0,0,53330.05000000007,175.79999999999984
227,-0.01,240.6100000000005,95.19999999999997,97.0,1,1,226,2,228,91.3922566371681,12.550000000000388,79.89999999999988,100.0,10.450000000000363,14.650000000000414,219,0,0,0,0,53769.6400000001,175.7799999999998
228,-0.01,240.6000000000005,94.74999999999997,96.5,1,1,226,2,228,91.31526548672562,12.175000000000388,79.59999999999988,100.0,10.000000000000362,14.350000000000414,219,0,0,0,0,53931.260000000075,175.75999999999982
229,-0.01,240.59000000000052,94.29999999999997,96.0,1,1,226,2,228,91.14933628318578,11.800000000000388,79.59999999999988,100.0,9.550000000000361,14.050000000000413,219,0,0,0,0,54053.38000000009,175.73999999999978
230,-0.01,240.58000000000052,93.84999999999997,95.5,1,1,226,2,228,91.69424778761059,11.425000000000386,79.14999999999988,100.0,9.10000000000036,13.750000000000412,219,0,0,0,0,54532.9600000001,175.7199999999998
231,-0.01,240.57000000000053,93.39999999999996,95.0,1,1,226,2,228,91.75796460176986,11.050000000000384,79.89999999999988,100.0,8.65000000000036,13.450000000000411,219,0,0,0,0,54814.06000000007,175.69999999999976
232,-0.01,240.56000000000054,92.94999999999996,94.5,1,1,226,2,228,91.61924778761058,10.675000000000384,79.59999999999988,100.0,8.200000000000358,13.15000000000041,219,0,0,0,0,54974.21000000003,175.67999999999978
233,-0.01,240.55000000000055,92.49999999999996,94.0,1,1,226,2,228,91.54623893805305,10.300000000000384,79.14999999999988,100.0,7.750000000000358,12.85000000000041,219,0,0,0,0,55136.810000000136,175.65999999999974
234,-0.01,240.54000000000056,92.04999999999995,93.5,1,1,226,2,228,92.21061946902651,9.925000000000384,79.59999999999988,100.0,7.300000000000358,12.55000000000041,219,0,0,0,0,55657.8500000001,175.63999999999976
235,-0.01,240.53000000000057,91.59999999999995,93.0,1,1,226,2,228,92.17278761061944,9.550000000000383,79.59999999999988,100.0,6.850000000000358,12.250000000000409,219,0,0,0,0,55897.98000000008,175.61999999999972
236,-0.01,240.52000000000058,91.14999999999995,92.5,1,1,226,2,228,92.4648230088495,9.175000000000383,79.44999999999987,100.0,6.400000000000357,11.950000000000408,219,0,0,0,0,56219.0700000001,175.59999999999974
237,-0.01,240.5100000000006,90.69999999999995,92.0,1,1,226,2,228,92.53716814159286,8.875000000000382,79.59999999999988,100.0,6.100000000000358,11.650000000000407,219,0,0,0,0,56460.180000000124,175.5799999999997
238,-0.01,240.5000000000006,90.24999999999994,91.5,1,1,226,2,228,92.35265486725659,8.575000000000383,79.59999999999988,100.0,5.800000000000358,11.350000000000406,219,0,0,0,0,56581.32000000011,175.55999999999972
239,-0.01,240.4900000000006,89.79999999999994,91.0,1,1,226,2,228,92.28097345132738,8.275000000000382,79.59999999999988,100.0,5.500000000000358,11.050000000000406,219,0,0,0,0,56742.94000000009,175.53999999999968
240,-0.01,240.48000000000062,89.34999999999994,90.5,1,1,226,2,228,92.13495575221236,7.975000000000382,79.59999999999988,100.0,5.200000000000358,10.750000000000405,219,0,0,0,0,56904.070000000145,175.5199999999997
241,-0.01,240.47000000000062,88.89999999999993,90.0,1,1,226,2,228,91.78716814159287,7.675000000000381,79.44999999999987,100.0,4.900000000000358,10.450000000000404,219,0,0,0,0,56944.740000000085,175.49999999999966
242,-0.01,240.46000000000063,88.44999999999993,89.5,1,1,226,2,228,91.52964601769906,7.375000000000381,79.59999999999988,100.0,4.6000000000003585,10.150000000000404,219,0,0,0,0,57025.89000000011,175.47999999999968
243,-0.01,240.45000000000064,87.99999999999993,89.0,1,1,226,2,228,91.49380530973447,7.075000000000381,79.60000000000016,100.0,4.300000000000359,9.850000000000403,219,0,0,0,0,57230.44000000012,175.45999999999964
244,-0.01,240.44000000000065,87.54999999999993,88.5,1,1,226,2,228,91.16526548672562,6.7750000000003805,79.89999999999988,100.0,4.000000000000359,9.550000000000402,219,0,0,0,0,57314.53000000007,175.43999999999966
245,-0.01,240.43000000000066,87.09999999999992,88.0,1,1,226,2,228,90.87787610619465,6.47500000000038,80.49999999999989,100.0,3.700000000000359,9.250000000000401,219,0,0,0,0,57435.18000000017,175.41999999999962
246,-0.01,240.42000000000067,86.64999999999992,87.5,1,1,226,2,228,90.45840707964598,6.17500000000038,80.04999999999988,100.0,3.400000000000359,8.9500000000004,219,0,0,0,0,57476.83000000009,175.39999999999964
247,-0.01,240.41000000000068,86.19999999999992,87.0,1,1,226,2,228,90.01836283185835,5.87500000000038,79.59999999999988,99.55,3.1000000000003594,8.6500000000004,219,0,0,0,0,57478.00000000012,175.3799999999996
248,-0.01,240.4000000000007,85.74999999999991,86.5,1,1,226,2,228,89.84247787610613,5.575000000000379,79.89999999999988,100.0,2.8000000000003595,8.3500000000004,219,0,0,0,0,57599.63000000012,175.35999999999962
249,-0.01,240.3900000000007,85.29999999999991,86.0,1,1,226,2,228,89.51659292035392,5.200000000000379,79.59999999999988,100.0,2.35000000000036,8.050000000000399,219,0,0,0,0,57681.27000000006,175.33999999999958
250,-0.01,240.3800000000007,84.84999999999991,85.5,1,1,226,2,228,89.4223451327433,4.90000000000038,79.59999999999988,100.0,2.05000000000036,7.750000000000399,219,0,0,0,0,57840.930000000146,175.8099999999996
251,-0.01,240.37000000000072,84.3999999999999,85.0,1,1,226,2,228,89.3440265486725,4.52500000000038,80.34999999999988,100.0,1.60000000000036,7.450000000000399,219,0,0,0,0,58000.1000000001,175.78999999999957
252,-0.01,240.36000000000072,83.9499999999999,84.5,1,1,226,2,228,88.91991150442472,4.15000000000038,79.89999999999988,100.0,1.15000000000036,7.150000000000399,219,0,0,0,0,58039.79000000011,176.2599999999996
253,-0.01,240.35000000000073,83.4999999999999,84.0,1,1,226,2,228,88.56814159292028,3.7750000000003796,79.59999999999988,100.0,0.70000000000036,6.850000000000399,219,0,0,0,0,58118.98000000011,176.23999999999955
254,-0.01,240.34000000000074,83.0499999999999,83.5,1,1,226,2,228,88.95973451327428,3.4000000000003796,79.59999999999988,100.0,0.25000000000036005,6.5500000000003995,219,0,0,0,0,58558.57000000012,176.21999999999957
255,-0.01,240.33000000000075,82.5999999999999,83.0,1,1,226,1,227,88.88340707964596,6.2500000000004,79.89999999999988,100.0,6.2500000000004,6.2500000000004,219,0,0,0,1,58756.75000000013,176.19999999999953
256,-0.01,240.32000000000076,82.14999999999989,82.5,1,1,226,1,227,88.62455752212384,5.9500000000004,79.59999999999988,100.0,5.9500000000004,5.9500000000004,219,0,0,0,0,58837.90000000007,176.18999999999954
257,-0.01,240.31000000000077,81.69999999999989,82.0,1,1,226,1,227,88.35176991150436,5.6500000000004,79.44999999999987,100.0,5.6500000000004,5.6500000000004,219,0,0,0,0,58956.59000000017,176.17999999999955
258,-0.01,240.30000000000078,81.24999999999989,81.5,1,1,226,1,227,88.36902654867251,5.3500000000004,79.59999999999988,100.0,5.3500000000004,5.3500000000004,219,0,0,0,0,59197.700000000135,176.65999999999954
259,-0.01,240.2900000000008,80.79999999999988,81.0,1,1,226,1,227,88.20044247787604,5.0500000000004,79.74999999999999,100.0,5.0500000000004,5.0500000000004,219,0,0,0,0,59316.88000000015,176.64999999999952
260,-0.01,240.2800000000008,80.34999999999988,80.5,1,1,226,1,227,88.06371681415924,4.750000000000401,79.44999999999987,100.0,4.750000000000401,4.750000000000401,219,0,0,0,0,59475.56000000016,176.63999999999953
261,-0.01,240.2700000000008,79.89999999999988,80.0,1,1,226,1,227,88.39292035398223,4.450000000000401,79.59999999999988,100.0,4.450000000000401,4.450000000000401,219,0,0,0,0,59875.65000000014,176.62999999999954
262,39.980000000000004,280.2500000000008,100.0,79.5,1,1,226,1,227,88.3723451327433,4.150000000000401,79.59999999999988,100.0,4.150000000000401,4.150000000000401,219,0,0,0,0,60114.80000000015,176.61999999999952
263,0.48,280.7300000000008,99.7,99.0,1,1,226,1,227,88.27809734513268,3.850000000000401,79.89999999999988,100.0,3.850000000000401,3.850000000000401,219,0,0,0,0,60276.42000000013,176.6099999999995
264,-0.01,280.7200000000008,99.25,98.5,1,1,226,1,227,87.92964601769904,3.5500000000004013,79.89999999999988,100.0,3.5500000000004013,3.5500000000004013,219,0,0,0,0,60318.0700000002,176.5999999999995
265,-0.01,280.71000000000083,98.8,98.0,1,1,226,1,227,88.03119469026544,3.2500000000004015,79.59999999999988,100.0,3.2500000000004015,3.2500000000004015,219,0,0,0,0,60556.73000000013,176.58999999999952
266,-0.01,280.70000000000084,98.35,97.5,1,1,226,1,227,88.42013274336276,2.9500000000004016,79.59999999999988,100.0,2.9500000000004016,2.9500000000004016,219,0,0,0,0,60956.82000000017,176.5799999999995
267,-0.01,280.69000000000085,97.89999999999999,97.0,1,1,226,1,227,89.26039823008844,2.650000000000402,79.29999999999988,100.0,2.650000000000402,2.650000000000402,219,0,0,0,0,61517.36000000018,176.56999999999948
268,-0.01,280.68000000000086,97.44999999999999,96.5,1,1,226,1,227,90.275221238938,2.350000000000402,78.84999999999988,100.0,2.350000000000402,2.350000000000402,219,0,0,0,0,62156.4100000002,176.5599999999995
269,-0.01,280.67000000000087,96.99999999999999,96.0,1,1,226,1,227,90.18163716814153,2.050000000000402,78.39999999999988,100.0,2.050000000000402,2.050000000000402,219,0,0,0,0,62317.54000000014,176.5499999999995
270,-0.01,280.6600000000009,96.54999999999998,95.5,1,1,226,1,227,90.65884955752206,1.7500000000004021,78.09999999999988,100.0,1.7500000000004021,1.7500000000004021,219,0,0,0,0,62717.140000000174,176.53999999999948
271,-0.01,280.6500000000009,96.09999999999998,95.0,1,1,226,1,227,90.89115044247782,1.450000000000402,79.59999999999988,100.0,1.450000000000402,1.450000000000402,219,0,0,0,0,63040.190000000206,176.52999999999946
272,-0.01,280.6400000000009,95.64999999999998,94.5,1,1,226,1,227,90.7318584070796,1.0000000000004021,79.59999999999988,100.0,1.0000000000004021,1.0000000000004021,219,0,0,0,0,63201.32000000016,176.51999999999947
273,-0.01,280.6300000000009,95.19999999999997,94.0,1,1,226,1,227,91.3643805309734,0.5500000000004021,79.44999999999987,100.0,0.5500000000004021,0.5500000000004021,219,0,0,0,0,63681.88000000015,176.50999999999948
274,-0.01,280.6200000000009,94.74999999999997,93.5,1,1,226,1,227,91.10685840707959,0.10000000000040207,78.99999999999987,100.0,0.10000000000040207,0.10000000000040207,219,0,0,0,0,63764.010000000184,176.49999999999946
275,-0.01,280.6100000000009,94.29999999999997,93.0,1,1,226,0,226,90.93960176991146,0.0,78.54999999999987,100.0,0.0,0.0,219,0,0,0,1,63884.17000000021,176.48999999999944
276,-0.01,280.60000000000093,93.84999999999997,92.5,1,1,226,0,226,91.30862831858401,0.0,78.24999999999987,100.0,0.0,0.0,219,0,0,0,0,64244.76000000015,176.48999999999944
277,-0.01,280.59000000000094,93.39999999999996,92.0,1,1,226,0,226,91.59800884955746,0.0,79.59999999999988,100.0,0.0,0.0,219,0,0,0,0,64566.34000000022,176.48999999999944
278,-0.01,280.58000000000095,92.94999999999996,91.5,1,1,226,0,226,91.81637168141589,0.0,79.59999999999988,100.0,0.0,0.0,219,0,0,0,0,64966.92000000017,176.48999999999944
279,-0.01,280.57000000000096,92.49999999999996,91.0,1,1,226,0,226,91.60066371681411,0.0,79.59999999999988,100.0,0.0,0.0,219,0,0,0,0,65129.030000000166,176.48999999999944
280,-0.01,280.56000000000097,92.04999999999995,90.5,1,1,226,0,226,91.83362831858402,0.0,79.59999999999988,100.0,0.0,0.0,219,0,0,0,0,65489.13000000015,176.48999999999944
281,-0.01,280.550000000001,91.59999999999995,90.0,1,1,226,0,226,91.9431415929203,0.0,79.14999999999988,100.0,0.0,0.0,219,0,0,0,0,65731.22000000018,176.48999999999944
282,-0.01,280.540000000001,91.14999999999995,89.5,1,1,226,0,226,92.11902654867254,0.0,78.84999999999988,100.0,0.0,0.0,219,0,0,0,0,66051.82000000017,176.48999999999944
283,-0.01,280.530000000001,90.69999999999995,89.0,1,1,226,0,226,92.05066371681411,0.0,78.69999999999987,100.0,0.0,0.0,219,0,0,0,0,66214.91000000016,176.48999999999944
284,-0.01,280.520000000001,90.24999999999994,88.5,1,1,226,0,226,91.98296460176988,0.0,78.24999999999987,100.0,0.0,0.0,219,0,0,0,0,66379.96000000018,176.48999999999944
285,-0.01,280.510000000001,89.79999999999994,88.0,1,1,226,0,226,91.78849557522119,0.0,77.79999999999987,100.0,0.0,0.0,219,0,0,0,0,66540.60000000015,176.48999999999944
286,-0.01,280.500000000001,89.49999999999994,87.5,1,1,226,0,226,91.72079646017696,0.0,77.34999999999987,100.0,0.0,0.0,219,0,0,0,0,66703.6900000002,176.48999999999944
287,-0.01,280.49000000000103,89.19999999999995,87.0,1,1,226,0,226,91.46991150442473,0.0,76.89999999999986,100.0,0.0,0.0,219,0,0,0,0,66784.35000000021,176.48999999999944
288,-0.01,280.48000000000104,88.89999999999995,86.5,1,1,226,0,226,91.03982300884951,0.0,76.44999999999986,99.7,0.0,0.0,219,0,0,0,0,66786.01000000018,176.48999999999944
289,-0.01,280.47000000000105,88.59999999999995,86.0,1,1,226,0,226,90.98075221238933,0.0,75.99999999999986,100.0,0.0,0.0,219,0,0,0,0,66946.16000000016,176.48999999999944
290,-0.01,280.46000000000106,88.29999999999995,85.5,1,1,226,0,226,90.83539823008844,0.0,75.69999999999986,100.0,0.0,0.0,219,0,0,0,0,67065.83000000022,176.48999999999944
291,-0.01,280.45000000000107,87.99999999999996,85.0,1,1,226,0,226,90.75176991150437,0.0,75.24999999999986,100.0,0.0,0.0,219,0,0,0,0,67265.48000000024,176.48999999999944
292,-0.01,280.4400000000011,87.69999999999996,84.5,1,1,226,0,226,90.62632743362826,0.0,74.79999999999986,100.0,0.0,0.0,219,0,0,0,0,67426.61000000018,176.48999999999944
293,-0.01,280.4300000000011,87.39999999999996,84.0,1,1,226,0,226,90.29845132743358,0.0,74.34999999999985,100.0,0.0,0.0,219,0,0,0,0,67506.2900000002,176.48999999999944
294,-0.01,280.4200000000011,87.09999999999997,83.5,1,1,226,0,226,90.10464601769907,0.0,73.89999999999985,100.0,0.0,0.0,219,0,0,0,0,67706.92000000026,176.48999999999944
295,-0.01,280.4100000000011,86.79999999999997,83.0,1,1,226,0,226,89.90088495575216,0.0,73.44999999999985,100.0,0.0,0.0,219,0,0,0,0,67784.64000000016,176.48999999999944
296,-0.01,280.4000000000011,86.49999999999997,82.5,1,1,226,0,226,89.72168141592917,0.0,72.99999999999984,100.0,0.0,0.0,219,0,0,0,0,67946.75000000026,176.48999999999944
297,-0.01,280.3900000000011,86.19999999999997,82.0,1,1,226,0,226,89.53252212389377,0.0,72.54999999999984,100.0,0.0,0.0,219,0,0,0,0,68024.47000000023,176.48999999999944
298,-0.01,280.38000000000113,85.74999999999997,81.5,1,1,226,0,226,89.74159292035394,0.0,79.89999999999988,100.0,0.0,0.0,219,0,0,0,0,68266.07000000023,176.48999999999944
299,-0.01,280.37000000000114,85.29999999999997,81.0,1,1,226,0,226,89.48407079646014,0.0,79.89999999999988,100.0,0.0,0.0,219,0,0,0,0,68306.2500000002,176.48999999999944
300,-0.01,280.36000000000115,84.99999999999997,80.5,1,1,226,0,226,89.29159292035393,0.0,79.59999999999988,100.0,0.0,0.0,219,0,0,0,0,68385.44000000024,176.48999999999944
301,-0.01,280.35000000000116,84.69999999999997,80.0,1,1,226,0,226,89.5550884955752,0.0,80.19999999999992,100.0,0.0,0.0,219,0,0,0,0,68666.05000000019,176.48999999999944
302,-0.01,280.34000000000117,84.39999999999998,79.5,1,1,226,0,226,89.21858407079642,0.0,79.89999999999988,99.7,0.0,0.0,219,0,0,0,0,68664.28000000023,176.48999999999944
303,0.48,280.8200000000012,84.09999999999998,99.0,1,1,226,0,226,89.06991150442474,0.0,79.74999999999991,100.0,0.0,0.0,219,0,0,0,0,68744.94000000024,176.48999999999944
304,-0.01,280.8100000000012,83.79999999999998,98.5,1,1,226,0,226,88.83429203539819,0.0,79.74999999999989,100.0,0.0,0.0,219,0,0,0,0,68785.61000000016,176.48999999999944
305,-0.01,280.8000000000012,83.49999999999999,98.0,1,1,226,0,226,88.69159292035397,0.0,79.44999999999989,100.0,0.0,0.0,219,0,0,0,0,68865.2900000003,176.48999999999944
306,-0.01,280.7900000000012,83.19999999999999,97.5,1,1,226,0,226,88.65044247787607,0.0,79.7499999999999,100.0,0.0,0.0,219,0,0,0,0,68983.98000000024,176.48999999999944
307,-0.01,280.7800000000012,82.89999999999999,97.0,1,1,226,0,226,88.95243362831854,0.0,79.89999999999996,100.0,0.0,0.0,219,0,0,0,0,69344.08000000025,176.48999999999944
308,-0.01,280.77000000000123,82.6,96.5,1,1,226,0,226,88.72942477876106,0.0,79.74999999999996,100.0,0.0,0.0,219,0,0,0,0,69384.75000000023,176.48999999999944
309,-0.01,280.76000000000124,82.3,96.0,1,1,226,0,226,88.6896017699115,0.0,80.04999999999995,100.0,0.0,0.0,219,0,0,0,0,69544.90000000023,176.48999999999944
310,-0.01,280.75000000000125,82.0,95.5,1,1,226,0,226,88.43473451327434,0.0,79.74999999999996,100.0,0.0,0.0,219,0,0,0,0,69585.5700000003,176.48999999999944
311,-0.01,280.74000000000126,81.7,95.0,1,1,226,0,226,88.36703539823007,0.0,79.29999999999995,100.0,0.0,0.0,219,0,0,0,0,69706.71000000021,176.48999999999944
312,-0.01,280.73000000000127,81.4,94.5,1,1,226,0,226,88.28938053097343,0.0,79.44999999999995,100.0,0.0,0.0,219,0,0,0,0,69827.85000000024,176.48999999999944
313,-0.01,280.7200000000013,81.10000000000001,94.0,1,1,226,0,226,88.23827433628318,0.0,79.14999999999995,100.0,0.0,0.0,219,0,0,0,0,69949.97000000018,176.48999999999944
314,-0.01,280.7100000000013,80.80000000000001,93.5,1,1,226,0,226,88.10088495575222,0.0,78.69999999999995,100.0,0.0,0.0,219,0,0,0,0,70032.10000000025,176.48999999999944
315,-0.01,280.7000000000013,80.50000000000001,93.0,1,1,226,0,226,88.20774336283186,0.0,78.24999999999994,100.0,0.0,0.0,219,0,0,0,0,70232.24000000024,176.48999999999944
316,-0.01,280.6900000000013,80.20000000000002,92.5,1,1,226,0,226,88.24823008849557,0.0,77.79999999999994,100.0,0.0,0.0,219,0,0,0,0,70391.90000000021,176.48999999999944
317,-0.01,280.6800000000013,79.90000000000002,92.0,1,1,226,0,226,88.37234513274336,0.0,77.34999999999994,100.0,0.0,0.0,219,0,0,0,0,70634.97000000026,176.48999999999944
318,39.980000000000004,320.66000000000133,100.0,91.5,1,1,226,0,226,88.36570796460178,0.0,77.04999999999994,100.0,0.0,0.0,219,0,0,0,0,70794.63000000028,176.48999999999944
319,-0.01,320.65000000000134,99.7,91.0,1,1,226,0,226,88.50176991150445,0.0,76.74999999999994,100.0,0.0,0.0,219,0,0,0,0,71037.70000000026,176.48999999999944
320,-0.01,320.64000000000135,99.4,90.5,1,1,226,0,226,88.47190265486726,0.0,79.59999999999988,100.0,0.0,0.0,219,0,0,0,0,71158.3500000003,176.48999999999944
321,-0.01,320.63000000000136,99.10000000000001,90.0,1,1,226,0,226,88.69225663716816,0.0,79.75,100.0,0.0,0.0,219,0,0,0,0,71399.95000000039,176.48999999999944
322,-0.01,320.62000000000137,98.80000000000001,89.5,1,1,226,0,226,88.8283185840708,0.0,79.45,100.0,0.0,0.0,219,0,0,0,0,71601.0700000003,176.48999999999944
323,-0.01,320.6100000000014,98.50000000000001,89.0,1,1,226,0,226,89.51194690265488,0.0,79.44999999999997,100.0,0.0,0.0,219,0,0,0,0,72043.11000000026,176.48999999999944
324,-0.01,320.6000000000014,98.20000000000002,88.5,1,1,226,0,226,89.8378318584071,0.0,79.74999999999996,100.0,0.0,0.0,219,0,0,0,0,72328.13000000032,176.48999999999944
325,-0.01,320.5900000000014,97.90000000000002,88.0,1,1,226,0,226,90.553982300885,0.0,79.75,100.0,0.0,0.0,219,0,0,0,0,72809.18000000027,176.48999999999944
326,-0.01,320.5800000000014,97.60000000000002,87.5,1,1,226,0,226,91.05641592920357,0.0,79.44999999999999,100.0,0.0,0.0,219,0,0,0,0,73170.75000000023,176.48999999999944
327,-0.01,320.5700000000014,97.30000000000003,87.0,1,1,226,0,226,90.97942477876109,0.0,79.75000000000001,100.0,0.0,0.0,219,0,0,0,0,73330.90000000024,176.48999999999944
328,-0.01,320.5600000000014,97.00000000000003,86.5,1,1,226,0,226,91.0365044247788,0.0,79.75000000000001,100.0,0.0,0.0,219,0,0,0,0,73533.0000000003,176.48999999999944
329,-0.01,320.55000000000143,96.70000000000003,86.0,1,1,226,0,226,90.90707964601773,0.0,79.74999999999997,100.0,0.0,0.0,219,0,0,0,0,73613.6600000003,176.48999999999944
330,-0.01,320.54000000000144,96.40000000000003,85.5,1,1,226,0,226,90.95951327433633,0.0,79.45000000000006,100.0,0.0,0.0,219,0,0,0,0,73772.83000000028,176.48999999999944
331,-0.01,320.53000000000145,96.10000000000004,85.0,1,1,226,0,226,91.12013274336287,0.0,79.6,100.0,0.0,0.0,219,0,0,0,0,74013.45000000029,176.48999999999944
332,-0.01,320.52000000000146,95.80000000000004,84.5,1,1,226,0,226,91.36039823008852,0.0,79.75000000000001,100.0,0.0,0.0,219,0,0,0,0,74294.06000000035,176.48999999999944
333,-0.01,320.51000000000147,95.50000000000004,84.0,1,1,226,0,226,91.33185840707968,0.0,79.45,100.0,0.0,0.0,219,0,0,0,0,74452.74000000033,176.48999999999944
334,-0.01,320.5000000000015,95.20000000000005,83.5,1,1,226,0,226,91.10818584070802,0.0,79.45000000000005,100.0,0.0,0.0,219,0,0,0,0,74492.4300000003,176.48999999999944
335,-0.01,320.4900000000015,94.90000000000005,83.0,1,1,226,0,226,91.52300884955757,0.0,79.59999999999988,100.0,0.0,0.0,219,0,0,0,0,74810.09000000023,176.48999999999944
336,-0.01,320.4800000000015,94.60000000000005,82.5,1,1,226,0,226,91.69557522123898,0.0,79.75000000000006,100.0,0.0,0.0,219,0,0,0,0,75052.18000000021,176.48999999999944
337,-0.01,320.4700000000015,94.30000000000005,82.0,1,1,226,0,226,91.74203539823014,0.0,79.75000000000006,100.0,0.0,0.0,219,0,0,0,0,75210.86000000019,176.48999999999944
338,-0.01,320.4600000000015,94.00000000000006,81.5,1,1,226,0,226,91.60796460176995,0.0,79.75000000000003,100.0,0.0,0.0,219,0,0,0,0,75292.9900000003,176.48999999999944
339,-0.01,320.4500000000015,93.70000000000006,81.0,1,1,226,0,226,91.74800884955756,0.0,79.60000000000007,100.0,0.0,0.0,219,0,0,0,0,75492.15000000027,176.48999999999944
340,-0.01,320.44000000000153,93.40000000000006,80.5,1,1,226,0,226,92.38252212389386,0.0,79.75000000000004,100.0,0.0,0.0,219,0,0,0,0,75932.72000000022,176.48999999999944
341,-0.01,320.43000000000154,93.10000000000007,80.0,1,1,226,0,226,92.43163716814163,0.0,79.75000000000011,100.0,0.0,0.0,219,0,0,0,0,76094.34000000035,176.48999999999944
342,-0.01,320.42000000000155,92.80000000000007,79.5,1,1,226,0,226,92.49336283185846,0.0,79.74999999999989,100.0,0.0,0.0,219,0,0,0,0,76293.99000000037,176.48999999999944
343,0.48,320.90000000000157,92.50000000000007,99.0,1,1,226,0,226,92.48207964601775,0.0,79.3000000000001,100.0,0.0,0.0,219,0,0,0,0,76454.1400000003,176.48999999999944
344,-0.01,320.8900000000016,92.20000000000007,98.5,1,1,226,0,226,92.44358407079652,0.0,79.74999999999989,100.0,0.0,0.0,219,0,0,0,0,76573.81000000042,176.48999999999944
345,-0.01,320.8800000000016,91.90000000000008,98.0,1,1,226,0,226,92.36261061946908,0.0,79.30000000000007,100.0,0.0,0.0,219,0,0,0,0,76693.4800000004,176.48999999999944
346,-0.01,320.8700000000016,91.60000000000008,97.5,1,1,226,0,226,92.15951327433633,0.0,78.85000000000007,100.0,0.0,0.0,219,0,0,0,0,76812.66000000035,176.48999999999944
347,-0.01,320.8600000000016,91.30000000000008,97.0,1,1,226,0,226,91.84623893805316,0.0,78.40000000000006,99.7,0.0,0.0,219,0,0,0,0,76813.83000000028,176.48999999999944
348,-0.01,320.8500000000016,91.00000000000009,96.5,1,1,226,0,226,91.64247787610624,0.0,78.10000000000007,100.0,0.0,0.0,219,0,0,0,0,76894.4900000003,176.48999999999944
349,-0.01,320.8400000000016,90.70000000000009,96.0,1,1,226,0,226,91.45530973451335,0.0,79.90000000000009,100.0,0.0,0.0,219,0,0,0,0,76974.66000000034,176.48999999999944
350,-0.01,320.83000000000163,90.40000000000009,95.5,1,1,226,0,226,91.23495575221244,0.0,79.90000000000008,100.0,0.0,0.0,219,0,0,0,0,77054.34000000027,176.48999999999944
351,-0.01,320.82000000000164,90.1000000000001,95.0,1,1,226,0,226,91.16261061946909,0.0,80.04999999999988,100.0,0.0,0.0,219,0,0,0,0,77216.94000000028,176.48999999999944
352,-0.01,320.81000000000165,89.8000000000001,94.5,1,1,226,0,226,90.84933628318592,0.0,79.59999999999988,99.7,0.0,0.0,219,0,0,0,0,77218.60000000038,176.48999999999944
353,-0.01,320.80000000000166,89.5000000000001,94.0,1,1,226,0,226,90.71924778761068,0.0,79.75000000000013,100.0,0.0,0.0,219,0,0,0,0,77300.73000000036,176.48999999999944
354,-0.01,320.79000000000167,89.2000000000001,93.5,1,1,226,0,226,90.63163716814165,0.0,79.75000000000011,100.0,0.0,0.0,219,0,0,0,0,77422.85000000031,176.48999999999944
355,-0.01,320.7800000000017,88.9000000000001,93.0,1,1,226,0,226,90.63429203539829,0.0,79.90000000000016,100.0,0.0,0.0,219,0,0,0,0,77583.00000000042,176.48999999999944
356,-0.01,320.7700000000017,88.60000000000011,92.5,1,1,226,0,226,90.41128318584079,0.0,79.90000000000012,100.0,0.0,0.0,219,0,0,0,0,77623.6700000004,176.48999999999944
357,-0.01,320.7600000000017,88.30000000000011,92.0,1,1,226,0,226,90.1876106194691,0.0,79.90000000000012,100.0,0.0,0.0,219,0,0,0,0,77665.81000000036,176.48999999999944
358,-0.01,320.7500000000017,88.00000000000011,91.5,1,1,226,0,226,90.19955752212397,0.0,79.75000000000016,100.0,0.0,0.0,219,0,0,0,0,77824.98000000035,176.48999999999944
359,-0.01,320.7400000000017,87.70000000000012,91.0,1,1,226,0,226,90.1092920353983,0.0,79.75000000000013,100.0,0.0,0.0,219,0,0,0,0,77948.57000000025,176.48999999999944
360,-0.01,320.7300000000017,87.40000000000012,90.5,1,1,226,0,226,90.16039823008857,0.0,79.75000000000014,100.0,0.0,0.0,219,0,0,0,0,78108.72000000032,176.48999999999944
361,-0.01,320.72000000000173,87.10000000000012,90.0,1,1,226,0,226,90.3442477876107,0.0,79.59999999999988,100.0,0.0,0.0,219,0,0,0,0,78391.78000000022,176.48999999999944
362,-0.01,320.71000000000174,86.80000000000013,89.5,1,1,226,0,226,90.53473451327442,0.0,80.05000000000015,100.0,0.0,0.0,219,0,0,0,0,78710.42000000026,176.48999999999944
363,-0.01,320.70000000000175,86.50000000000013,89.0,1,1,226,0,226,90.3342920353983,0.0,79.60000000000016,100.0,0.0,0.0,219,0,0,0,0,78795.00000000038,176.48999999999944
364,-0.01,320.69000000000176,86.20000000000013,88.5,1,1,226,0,226,90.54933628318591,0.0,79.75000000000014,100.0,0.0,0.0,219,0,0,0,0,79038.07000000028,176.48999999999944
365,-0.01,320.68000000000177,85.90000000000013,88.0,1,1,226,0,226,90.50752212389389,0.0,79.90000000000019,100.0,0.0,0.0,219,0,0,0,0,79161.17000000033,176.48999999999944
366,-0.01,320.6700000000018,85.60000000000014,87.5,1,1,226,0,226,90.3422566371682,0.0,79.75000000000016,100.0,0.0,0.0,219,0,0,0,0,79242.81000000042,176.48999999999944
367,-0.01,320.6600000000018,85.30000000000014,87.0,1,1,226,0,226,90.35022123893815,0.0,79.59999999999988,100.0,0.0,0.0,219,0,0,0,0,79403.45000000038,176.48999999999944
368,-0.01,320.6500000000018,85.00000000000014,86.5,1,1,226,0,226,90.31769911504432,0.0,79.75000000000016,100.0,0.0,0.0,219,0,0,0,0,79564.58000000044,176.48999999999944
369,-0.01,320.6400000000018,84.70000000000014,86.0,1,1,226,0,226,90.24203539823017,0.0,79.89999999999988,100.0,0.0,0.0,219,0,0,0,0,79685.72000000035,176.48999999999944
370,-0.01,320.6300000000018,84.40000000000015,85.5,1,1,226,0,226,90.05353982300893,0.0,79.75000000000014,100.0,0.0,0.0,219,0,0,0,0,79765.40000000036,176.48999999999944
371,-0.01,320.6200000000018,84.10000000000015,85.0,1,1,226,0,226,89.82920353982308,0.0,80.05000000000015,100.0,0.0,0.0,219,0,0,0,0,79805.58000000035,176.48999999999944
372,-0.01,320.61000000000183,83.80000000000015,84.5,1,1,226,0,226,89.53716814159299,0.0,79.75000000000016,100.0,0.0,0.0,219,0,0,0,0,79846.2500000003,176.48999999999944
373,-0.01,320.60000000000184,83.50000000000016,84.0,1,1,226,0,226,89.61017699115051,0.0,79.60000000000016,100.0,0.0,0.0,219,0,0,0,0,80045.41000000032,176.48999999999944
374,-0.01,320.59000000000185,83.20000000000016,83.5,1,1,226,0,226,89.4296460176992,0.0,79.90000000000019,100.0,0.0,0.0,219,0,0,0,0,80125.58000000032,176.48999999999944
375,-0.01,320.58000000000186,82.90000000000016,83.0,1,1,226,0,226,89.22986725663725,0.0,80.05000000000018,100.0,0.0,0.0,219,0,0,0,0,80203.79000000039,176.48999999999944
376,-0.01,320.57000000000187,82.60000000000016,82.5,1,1,226,0,226,88.97035398230096,0.0,79.75000000000018,100.0,0.0,0.0,219,0,0,0,0,80246.91000000035,176.48999999999944
377,-0.01,320.5600000000019,82.30000000000017,82.0,1,1,226,0,226,89.01946902654876,0.0,79.75000000000017,100.0,0.0,0.0,219,0,0,0,0,80405.59000000039,176.48999999999944
378,-0.01,320.5500000000019,82.00000000000017,81.5,1,1,226,0,226,89.15287610619477,0.0,79.75000000000016,100.0,0.0,0.0,219,0,0,0,0,80646.70000000042,176.48999999999944
379,-0.01,320.5400000000019,81.70000000000017,81.0,1,1,226,0,226,89.07787610619478,0.0,79.90000000000016,100.0,0.0,0.0,219,0,0,0,0,80765.88000000046,176.48999999999944
380,-0.01,320.5300000000019,81.40000000000018,80.5,1,1,226,0,226,88.94181415929212,0.0,79.75000000000018,100.0,0.0,0.0,219,0,0,0,0,80886.53000000042,176.48999999999944
381,-0.01,320.5200000000019,81.10000000000018,80.0,1,1,226,0,226,88.72079646017708,0.0,79.90000000000016,100.0,0.0,0.0,219,0,0,0,0,80927.20000000045,176.48999999999944
382,-0.01,320.5100000000019,80.80000000000018,79.5,1,1,226,0,226,88.65907079646026,0.0,79.59999999999988,100.0,0.0,0.0,219,0,0,0,0,81048.34000000045,176.48999999999944
383,0.48,320.99000000000194,80.50000000000018,99.0,1,1,226,0,226,88.77389380530983,0.0,79.60000000000015,100.0,0.0,0.0,219,0,0,0,0,81247.99000000038,176.48999999999944
384,-0.01,320.98000000000195,80.20000000000019,98.5,1,1,226,0,226,89.09513274336291,0.0,79.75000000000014,100.0,0.0,0.0,219,0,0,0,0,81530.07000000037,176.48999999999944
385,-0.01,320.97000000000196,79.90000000000019,98.0,1,1,226,0,226,89.20597345132752,0.0,79.90000000000018,100.0,0.0,0.0,219,0,0,0,0,81730.21000000037,176.48999999999944
386,39.980000000000004,360.950000000002,100.0,97.5,1,1,226,0,226,89.11238938053106,0.0,79.60000000000018,100.0,0.0,0.0,219,0,0,0,0,81849.88000000041,176.48999999999944
387,-0.01,360.940000000002,99.7,97.0,1,1,226,0,226,89.25243362831866,0.0,79.75000000000017,100.0,0.0,0.0,219,0,0,0,0,82050.02000000037,176.48999999999944
388,-0.01,360.930000000002,99.4,96.5,1,1,226,0,226,89.22190265486735,0.0,79.89999999999988,100.0,0.0,0.0,219,0,0,0,0,82211.15000000036,176.48999999999944
389,-0.01,360.920000000002,99.10000000000001,96.0,1,1,226,0,226,89.54380530973458,0.0,79.75000000000018,100.0,0.0,0.0,219,0,0,0,0,82492.25000000045,176.48999999999944
390,-0.01,360.910000000002,98.80000000000001,95.5,1,1,226,0,226,89.70110619469035,0.0,79.45000000000017,100.0,0.0,0.0,219,0,0,0,0,82731.40000000047,176.48999999999944
391,-0.01,360.900000000002,98.50000000000001,95.0,1,1,226,0,226,90.0800884955753,0.0,79.75000000000017,100.0,0.0,0.0,219,0,0,0,0,83054.45000000039,176.48999999999944
392,-0.01,360.89000000000203,98.20000000000002,94.5,1,1,226,0,226,90.24734513274343,0.0,79.45000000000017,100.0,0.0,0.0,219,0,0,0,0,83293.60000000043,176.48999999999944
393,-0.01,360.88000000000204,97.90000000000002,94.0,1,1,226,0,226,90.91902654867265,0.0,79.75000000000016,100.0,0.0,0.0,219,0,0,0,0,83734.66000000047,176.48999999999944
394,-0.01,360.87000000000205,97.60000000000002,93.5,1,1,226,0,226,91.01393805309742,0.0,79.75000000000018,100.0,0.0,0.0,219,0,0,0,0,83938.23000000036,176.48999999999944
395,-0.01,360.86000000000206,97.30000000000003,93.0,1,1,226,0,226,90.80951327433635,0.0,79.45000000000019,100.0,0.0,0.0,219,0,0,0,0,84058.88000000037,176.48999999999944
396,0.48,361.3400000000021,97.00000000000003,100.0,1,1,226,0,226,90.95022123893813,0.0,79.75000000000016,100.0,0.0,0.0,219,0,0,0,0,84258.53000000038,176.48999999999944
397,-0.01,361.3300000000021,96.70000000000003,99.5,1,1,226,0,226,90.90973451327442,0.0,79.75000000000017,100.0,0.0,0.0,219,0,0,0,0,84379.67000000033,176.48999999999944
398,-0.01,361.3200000000021,96.40000000000003,99.0,1,1,226,0,226,90.95884955752219,0.0,79.60000000000018,100.0,0.0,0.0,219,0,0,0,0,84538.84000000037,176.48999999999944
399,-0.01,361.3100000000021,96.10000000000004,98.5,1,1,226,0,226,90.64823008849564,0.0,79.30000000000018,99.7,0.0,0.0,219,0,0,0,0,84541.97000000035,176.48999999999944
400,-0.01,361.3000000000021,95.80000000000004,98.0,1,1,226,0,226,90.98606194690271,0.0,79.59999999999988,100.0,0.0,0.0,219,0,0,0,0,84861.59000000045,176.48999999999944
401,-0.01,361.2900000000021,95.50000000000004,97.5,1,1,226,0,226,90.93296460177,0.0,79.14999999999988,100.0,0.0,0.0,219,0,0,0,0,84982.73000000045,176.48999999999944
402,-0.01,361.28000000000213,95.20000000000005,97.0,1,1,226,0,226,91.00929203539829,0.0,79.75000000000017,100.0,0.0,0.0,219,0,0,0,0,85223.35000000043,176.48999999999944
403,-0.01,361.27000000000214,94.90000000000005,96.5,1,1,226,0,226,91.15066371681424,0.0,79.45000000000014,100.0,0.0,0.0,219,0,0,0,0,85425.94000000053,176.48999999999944
404,-0.01,361.26000000000215,94.60000000000005,96.0,1,1,226,0,226,91.01393805309742,0.0,79.15000000000015,100.0,0.0,0.0,219,0,0,0,0,85508.56000000054,176.48999999999944
405,-0.01,361.25000000000216,94.30000000000005,95.5,1,1,226,0,226,90.89181415929211,0.0,78.85000000000015,100.0,0.0,0.0,219,0,0,0,0,85628.7200000005,176.48999999999944
406,-0.01,361.24000000000217,94.00000000000006,95.0,1,1,226,0,226,90.86792035398237,0.0,79.75000000000013,100.0,0.0,0.0,219,0,0,0,0,85790.83000000044,176.48999999999944
407,-0.01,361.2300000000022,93.70000000000006,94.5,1,1,226,0,226,91.14070796460184,0.0,79.75000000000018,100.0,0.0,0.0,219,0,0,0,0,86112.4100000005,176.48999999999944
408,-0.01,361.2200000000022,93.40000000000006,94.0,1,1,226,0,226,91.3743362831859,0.0,79.59999999999988,100.0,0.0,0.0,219,0,0,0,0,86353.52000000044,176.48999999999944
409,-0.01,361.2100000000022,93.10000000000007,93.5,1,1,226,0,226,91.61261061946908,0.0,79.45000000000017,100.0,0.0,0.0,219,0,0,0,0,86634.13000000038,176.48999999999944
410,-0.01,361.2000000000022,92.80000000000007,93.0,1,1,226,0,226,91.54225663716818,0.0,79.75000000000018,100.0,0.0,0.0,219,0,0,0,0,86753.80000000045,176.48999999999944
411,-0.01,361.1900000000022,92.50000000000007,92.5,1,1,226,0,226,91.62654867256643,0.0,79.45000000000019,100.0,0.0,0.0,219,0,0,0,0,86952.96000000041,176.48999999999944
412,-0.01,361.1800000000022,92.20000000000007,92.0,1,1,226,0,226,91.70287610619475,0.0,79.00000000000018,100.0,0.0,0.0,219,0,0,0,0,87152.12000000046,176.48999999999944
413,-0.01,361.17000000000223,91.90000000000008,91.5,1,1,226,0,226,91.57743362831864,0.0,78.55000000000018,100.0,0.0,0.0,219,0,0,0,0,87312.2700000005,176.48999999999944
414,-0.01,361.16000000000224,91.60000000000008,91.0,1,1,226,0,226,91.470575221239,0.0,78.10000000000018,100.0,0.0,0.0,219,0,0,0,0,87432.92000000055,176.48999999999944
415,-0.01,361.15000000000225,91.30000000000008,90.5,1,1,226,0,226,91.26283185840715,0.0,77.65000000000018,100.0,0.0,0.0,219,0,0,0,0,87513.0900000005,176.48999999999944
416,-0.01,361.14000000000226,91.00000000000009,90.0,1,1,226,0,226,91.13805309734518,0.0,77.20000000000017,100.0,0.0,0.0,219,0,0,0,0,87635.21000000043,176.48999999999944
417,-0.01,361.13000000000227,90.70000000000009,89.5,1,1,226,0,226,91.13871681415935,0.0,76.90000000000018,100.0,0.0,0.0,219,0,0,0,0,87793.4000000005,176.48999999999944
418,-0.01,361.1200000000023,90.40000000000009,89.0,1,1,226,0,226,90.9442477876107,0.0,76.45000000000017,100.0,0.0,0.0,219,0,0,0,0,87873.57000000046,176.48999999999944
419,-0.01,361.1100000000023,90.1000000000001,88.5,1,1,226,0,226,90.9030973451328,0.0,76.15000000000018,100.0,0.0,0.0,219,0,0,0,0,87994.71000000043,176.48999999999944
420,-0.01,361.1000000000023,89.8000000000001,88.0,1,1,226,0,226,90.85530973451336,0.0,79.90000000000018,100.0,0.0,0.0,219,0,0,0,0,88114.87000000039,176.48999999999944
421,-0.01,361.0900000000023,89.5000000000001,87.5,1,1,226,0,226,90.6767699115045,0.0,79.90000000000015,100.0,0.0,0.0,219,0,0,0,0,88195.0400000004,176.48999999999944
422,-0.01,361.0800000000023,89.2000000000001,87.0,1,1,226,0,226,90.54601769911511,0.0,79.75000000000014,100.0,0.0,0.0,219,0,0,0,0,88275.21000000036,176.48999999999944
423,-0.01,361.0700000000023,88.9000000000001,86.5,1,1,226,0,226,90.42588495575231,0.0,79.90000000000019,100.0,0.0,0.0,219,0,0,0,0,88394.39000000045,176.48999999999944
424,-0.01,361.06000000000233,88.60000000000011,86.0,1,1,226,0,226,90.27721238938061,0.0,79.90000000000015,100.0,0.0,0.0,219,0,0,0,0,88476.0300000005,176.48999999999944
425,-0.01,361.05000000000234,88.30000000000011,85.5,1,1,226,0,226,90.18230088495584,0.0,79.60000000000018,100.0,0.0,0.0,219,0,0,0,0,88595.21000000043,176.48999999999944
426,-0.01,361.04000000000235,88.00000000000011,85.0,1,1,226,0,226,90.11725663716823,0.0,79.90000000000018,100.0,0.0,0.0,219,0,0,0,0,88714.39000000054,176.48999999999944
427,-0.01,361.03000000000236,87.70000000000012,84.5,1,1,226,0,226,89.91880530973458,0.0,79.75000000000017,100.0,0.0,0.0,219,0,0,0,0,88796.52000000056,176.48999999999944
428,-0.01,361.02000000000237,87.40000000000012,84.0,1,1,226,0,226,90.44579646017708,0.0,79.75000000000014,100.0,0.0,0.0,219,0,0,0,0,89197.10000000054,176.48999999999944
429,-0.01,361.0100000000024,87.10000000000012,83.5,1,1,226,0,226,90.67876106194697,0.0,79.59999999999988,100.0,0.0,0.0,219,0,0,0,0,89437.72000000057,176.48999999999944
430,-0.01,361.0000000000024,86.80000000000013,83.0,1,1,226,0,226,90.60309734513282,0.0,79.75000000000017,100.0,0.0,0.0,219,0,0,0,0,89557.88000000046,176.48999999999944
431,-0.01,360.9900000000024,86.50000000000013,82.5,1,1,226,0,226,90.55132743362837,0.0,79.75000000000014,100.0,0.0,0.0,219,0,0,0,0,89720.48000000052,176.48999999999944
432,-0.01,360.9800000000024,86.20000000000013,82.0,1,1,226,0,226,90.50022123893812,0.0,79.75000000000016,100.0,0.0,0.0,219,0,0,0,0,89839.66000000045,176.48999999999944
433,-0.01,360.9700000000024,85.90000000000013,81.5,1,1,226,0,226,90.25530973451336,0.0,79.30000000000015,100.0,0.0,0.0,219,0,0,0,0,89879.3500000004,176.48999999999944
434,-0.01,360.9600000000024,85.60000000000014,81.0,1,1,226,0,226,90.23407079646024,0.0,79.00000000000016,100.0,0.0,0.0,219,0,0,0,0,90081.9400000005,176.48999999999944
435,-0.01,360.95000000000243,85.30000000000014,80.5,1,1,226,0,226,90.09800884955759,0.0,78.70000000000016,100.0,0.0,0.0,219,0,0,0,0,90162.60000000044,176.48999999999944
436,-0.01,360.94000000000244,85.00000000000014,80.0,1,1,226,0,226,90.1484513274337,0.0,78.40000000000016,100.0,0.0,0.0,219,0,0,0,0,90323.73000000046,176.48999999999944
437,-0.01,360.93000000000245,84.70000000000014,79.5,1,1,226,0,226,89.92477876106203,0.0,78.10000000000016,100.0,0.0,0.0,219,0,0,0,0,90364.89000000057,176.48999999999944
438,0.48,361.41000000000247,84.40000000000015,99.0,1,1,226,0,226,89.70442477876115,0.0,77.65000000000016,100.0,0.0,0.0,219,0,0,0,0,90404.5800000006,176.48999999999944
439,-0.01,361.4000000000025,84.10000000000015,98.5,1,1,226,0,226,89.48075221238945,0.0,77.20000000000016,100.0,0.0,0.0,219,0,0,0,0,90446.72000000053,176.48999999999944
440,-0.01,361.3900000000025,83.80000000000015,98.0,1,1,226,0,226,89.16814159292045,0.0,76.90000000000016,99.7,0.0,0.0,219,0,0,0,0,90446.91000000057,176.48999999999944
441,-0.01,361.3800000000025,83.50000000000016,97.5,1,1,226,0,226,89.36460176991157,0.0,76.60000000000016,100.0,0.0,0.0,219,0,0,0,0,90688.51000000058,176.48999999999944
442,-0.01,361.3700000000025,83.20000000000016,97.0,1,1,226,0,226,89.06261061946911,0.0,76.30000000000017,100.0,0.0,0.0,219,0,0,0,0,90729.1800000006,176.48999999999944
443,-0.01,361.3600000000025,82.90000000000016,96.5,1,1,226,0,226,89.30221238938063,0.0,75.85000000000016,100.0,0.0,0.0,219,0,0,0,0,91011.75000000047,176.48999999999944
444,-0.01,361.3500000000025,82.60000000000016,96.0,1,1,226,0,226,89.27300884955761,0.0,75.55000000000017,100.0,0.0,0.0,219,0,0,0,0,91174.84000000053,176.48999999999944
445,-0.01,361.34000000000253,82.30000000000017,95.5,1,1,226,0,226,89.31017699115053,0.0,75.25000000000017,100.0,0.0,0.0,219,0,0,0,0,91374.98000000052,176.48999999999944
446,-0.01,361.33000000000254,82.00000000000017,95.0,1,1,226,0,226,89.43561946902663,0.0,74.80000000000017,100.0,0.0,0.0,219,0,0,0,0,91577.08000000048,176.48999999999944
447,-0.01,361.32000000000255,81.70000000000017,94.5,1,1,226,0,226,89.35331858407089,0.0,74.50000000000017,100.0,0.0,0.0,219,0,0,0,0,91697.73000000049,176.48999999999944
448,-0.01,361.31000000000256,81.40000000000018,94.0,1,1,226,0,226,89.41504424778769,0.0,79.59999999999988,100.0,0.0,0.0,219,0,0,0,0,91859.84000000052,176.48999999999944
449,-0.01,361.30000000000257,81.10000000000018,93.5,1,1,226,0,226,89.28429203539832,0.0,79.75000000000017,100.0,0.0,0.0,219,0,0,0,0,91941.97000000053,176.48999999999944
450,-0.01,361.2900000000026,80.80000000000018,93.0,1,1,226,0,226,89.34800884955759,0.0,79.45000000000014,100.0,0.0,0.0,219,0,0,0,0,92141.62000000058,176.48999999999944
451,-0.01,361.2800000000026,80.50000000000018,92.5,1,1,226,0,226,89.48938053097355,0.0,79.75000000000018,100.0,0.0,0.0,219,0,0,0,0,92341.76000000059,176.48999999999944
452,-0.01,361.2700000000026,80.20000000000019,92.0,1,1,226,0,226,89.48539823008858,0.0,79.30000000000018,100.0,0.0,0.0,219,0,0,0,0,92540.92000000058,176.48999999999944
453,-0.01,361.2600000000026,79.90000000000019,91.5,1,1,226,0,226,89.62809734513283,0.0,79.6000000000002,100.0,0.0,0.0,219,0,0,0,0,92781.05000000056,176.48999999999944
454,39.980000000000004,401.2400000000026,100.0,91.0,1,1,226,0,226,89.8192477876107,0.0,79.89999999999988,100.0,0.0,0.0,219,0,0,0,0,93022.1600000005,176.48999999999944
455,-0.01,401.23000000000263,99.7,90.5,1,1,226,0,226,89.81460176991159,0.0,79.90000000000018,100.0,0.0,0.0,219,0,0,0,0,93222.79000000055,176.48999999999944
456,-0.01,401.22000000000264,99.4,90.0,1,1,226,0,226,89.68252212389389,0.0,79.75000000000016,100.0,0.0,0.0,219,0,0,0,0,93304.43000000047,176.48999999999944
457,-0.01,401.21000000000265,99.10000000000001,89.5,1,1,226,0,226,89.95000000000009,0.0,79.45000000000017,100.0,0.0,0.0,219,0,0,0,0,93583.5700000005,176.48999999999944
458,-0.01,401.20000000000266,98.80000000000001,89.0,1,1,226,0,226,90.27123893805317,0.0,79.75000000000016,100.0,0.0,0.0,219,0,0,0,0,93863.69000000053,176.48999999999944
459,-0.01,401.19000000000267,98.50000000000001,88.5,1,1,226,0,226,90.75110619469034,0.0,79.90000000000019,100.0,0.0,0.0,219,0,0,0,0,94222.81000000046,176.48999999999944
460,-0.01,401.1800000000027,98.20000000000002,88.0,1,1,226,0,226,90.53274336283195,0.0,79.75000000000018,100.0,0.0,0.0,219,0,0,0,0,94302.00000000052,176.48999999999944
461,-0.01,401.1700000000027,97.90000000000002,87.5,1,1,226,0,226,90.6502212389381,0.0,79.6000000000002,100.0,0.0,0.0,219,0,0,0,0,94502.6300000006,176.48999999999944
462,-0.01,401.1600000000027,97.60000000000002,87.0,1,1,226,0,226,90.86460176991157,0.0,79.75000000000017,100.0,0.0,0.0,219,0,0,0,0,94742.76000000062,176.48999999999944
463,-0.01,401.1500000000027,97.30000000000003,86.5,1,1,226,0,226,90.6376106194691,0.0,79.45000000000017,100.0,0.0,0.0,219,0,0,0,0,94782.45000000055,176.48999999999944
464,-0.01,401.1400000000027,97.00000000000003,86.0,1,1,226,0,226,90.84601769911512,0.0,79.30000000000018,100.0,0.0,0.0,219,0,0,0,0,95063.06000000061,176.48999999999944
465,-0.01,401.1300000000027,96.70000000000003,85.5,1,1,226,0,226,90.79955752212398,0.0,78.85000000000018,100.0,0.0,0.0,219,0,0,0,0,95221.25000000068,176.48999999999944
466,-0.01,401.12000000000273,96.40000000000003,85.0,1,1,226,0,226,90.80818584070803,0.0,78.40000000000018,100.0,0.0,0.0,219,0,0,0,0,95381.40000000065,176.48999999999944
467,-0.01,401.11000000000274,96.10000000000004,84.5,1,1,226,0,226,90.52942477876114,0.0,77.95000000000017,100.0,0.0,0.0,219,0,0,0,0,95461.08000000057,176.48999999999944
468,-0.01,401.10000000000275,95.80000000000004,84.0,1,1,226,0,226,90.62101769911511,0.0,77.50000000000017,100.0,0.0,0.0,219,0,0,0,0,95661.22000000063,176.48999999999944
469,-0.01,401.09000000000276,95.50000000000004,83.5,1,1,226,0,226,90.5300884955753,0.0,77.05000000000017,100.0,0.0,0.0,219,0,0,0,0,95822.8400000006,176.48999999999944
470,-0.01,401.08000000000277,95.20000000000005,83.0,1,1,226,0,226,90.69402654867264,0.0,76.60000000000016,100.0,0.0,0.0,219,0,0,0,0,96103.45000000054,176.48999999999944
471,-0.01,401.0700000000028,94.90000000000005,82.5,1,1,226,0,226,91.00066371681423,0.0,76.15000000000016,100.0,0.0,0.0,219,0,0,0,0,96386.02000000054,176.48999999999944
472,-0.01,401.0600000000028,94.60000000000005,82.0,1,1,226,0,226,90.74911504424786,0.0,75.70000000000016,100.0,0.0,0.0,219,0,0,0,0,96425.71000000057,176.48999999999944
473,-0.01,401.0500000000028,94.30000000000005,81.5,1,1,226,0,226,90.45641592920362,0.0,75.25000000000016,100.0,0.0,0.0,219,0,0,0,0,96465.4000000006,176.48999999999944
474,-0.01,401.0400000000028,94.00000000000006,81.0,1,1,226,0,226,91.2814159292036,0.0,79.45000000000017,100.0,0.0,0.0,219,0,0,0,0,96987.4200000006,176.48999999999944
475,-0.01,401.0300000000028,93.70000000000006,80.5,1,1,226,0,226,91.37168141592927,0.0,79.00000000000017,100.0,0.0,0.0,219,0,0,0,0,97227.55000000069,176.48999999999944
476,-0.01,401.0200000000028,93.40000000000006,80.0,1,1,226,0,226,91.43938053097351,0.0,78.70000000000017,100.0,0.0,0.0,219,0,0,0,0,97428.67000000057,176.48999999999944
477,-0.01,401.01000000000283,93.10000000000007,79.5,1,1,226,0,226,91.39955752212397,0.0,78.25000000000017,100.0,0.0,0.0,219,0,0,0,0,97549.8100000006,176.48999999999944
478,0.48,401.49000000000285,92.80000000000007,99.0,1,1,226,0,226,91.2442477876107,0.0,77.95000000000017,100.0,0.0,0.0,219,0,0,0,0,97630.96000000062,176.48999999999944
479,-0.01,401.48000000000286,92.50000000000007,98.5,1,1,226,0,226,91.31526548672572,0.0,77.65000000000018,100.0,0.0,0.0,219,0,0,0,0,97874.52000000062,176.48999999999944
480,-0.01,401.47000000000287,92.20000000000007,98.0,1,1,226,0,226,91.30000000000007,0.0,77.20000000000017,100.0,0.0,0.0,219,0,0,0,0,98034.67000000051,176.48999999999944
481,-0.01,401.4600000000029,91.90000000000008,97.5,1,1,226,0,226,91.34977876106201,0.0,76.90000000000018,100.0,0.0,0.0,219,0,0,0,0,98235.30000000057,176.48999999999944
482,-0.01,401.4500000000029,91.60000000000008,97.0,1,1,226,0,226,91.09955752212396,0.0,76.45000000000017,100.0,0.0,0.0,219,0,0,0,0,98275.97000000053,176.48999999999944
483,-0.01,401.4400000000029,91.30000000000008,96.5,1,1,226,0,226,91.06039823008857,0.0,76.00000000000017,100.0,0.0,0.0,219,0,0,0,0,98396.62000000053,176.48999999999944
484,-0.01,401.4300000000029,91.00000000000009,96.0,1,1,226,0,226,91.03517699115051,0.0,75.55000000000017,100.0,0.0,0.0,219,0,0,0,0,98562.16000000059,176.48999999999944
485,-0.01,401.4200000000029,90.70000000000009,95.5,1,1,226,0,226,91.10420353982309,0.0,78.70000000000014,100.0,0.0,0.0,219,0,0,0,0,98722.80000000057,176.48999999999944
486,-0.01,401.4100000000029,90.40000000000009,95.0,1,1,226,0,226,91.00398230088503,0.0,78.40000000000015,100.0,0.0,0.0,219,0,0,0,0,98883.4400000006,176.48999999999944
487,-0.01,401.40000000000293,90.1000000000001,94.5,1,1,226,0,226,90.88384955752218,0.0,78.10000000000015,100.0,0.0,0.0,219,0,0,0,0,99004.09000000067,176.48999999999944
488,-0.01,401.39000000000294,89.8000000000001,94.0,1,1,226,0,226,90.96880530973459,0.0,77.80000000000015,100.0,0.0,0.0,219,0,0,0,0,99207.17000000064,176.48999999999944
489,-0.01,401.38000000000295,89.5000000000001,93.5,1,1,226,0,226,91.01460176991158,0.0,77.35000000000015,100.0,0.0,0.0,219,0,0,0,0,99406.82000000068,176.48999999999944
490,-0.01,401.37000000000296,89.2000000000001,93.0,1,1,226,0,226,91.13738938053105,0.0,77.05000000000015,100.0,0.0,0.0,219,0,0,0,0,99645.9700000007,176.48999999999944
491,-0.01,401.36000000000297,88.9000000000001,92.5,1,1,226,0,226,90.82146017699122,0.0,76.60000000000015,99.7,0.0,0.0,219,0,0,0,0,99647.14000000052,176.48999999999944
492,-0.01,401.350000000003,88.60000000000011,92.0,1,1,226,0,226,90.86061946902662,0.0,76.15000000000015,100.0,0.0,0.0,219,0,0,0,0,99806.80000000064,176.48999999999944
493,-0.01,401.340000000003,88.30000000000011,91.5,1,1,226,0,226,90.84469026548679,0.0,75.70000000000014,100.0,0.0,0.0,219,0,0,0,0,99965.97000000069,176.48999999999944
494,-0.01,401.330000000003,88.00000000000011,91.0,1,1,226,0,226,90.74048672566379,0.0,79.75000000000017,100.0,0.0,0.0,219,0,0,0,0,100085.15000000055,176.48999999999944
495,-0.01,401.320000000003,87.70000000000012,90.5,1,1,226,0,226,90.87986725663723,0.0,79.90000000000015,100.0,0.0,0.0,219,0,0,0,0,100286.27000000059,176.48999999999944
496,-0.01,401.310000000003,87.40000000000012,90.0,1,1,226,0,226,90.83539823008856,0.0,79.75000000000018,100.0,0.0,0.0,219,0,0,0,0,100406.92000000065,176.48999999999944
497,-0.01,401.300000000003,87.10000000000012,89.5,1,1,226,0,226,90.79292035398237,0.0,79.75000000000017,100.0,0.0,0.0,219,0,0,0,0,100528.06000000062,176.48999999999944
498,-0.01,401.29000000000303,86.80000000000013,89.0,1,1,226,0,226,90.75044247787618,0.0,79.59999999999988,100.0,0.0,0.0,219,0,0,0,0,100647.73000000067,176.48999999999944
499,-0.01,401.28000000000304,86.50000000000013,88.5,1,1,226,0,226,90.87057522123901,0.0,79.89999999999988,100.0,0.0,0.0,219,0,0,0,0,100887.8600000007,176.48999999999944
500,-0.01,401.27000000000305,86.20000000000013,88.0,1,1,226,0,226,90.70066371681425,0.0,79.90000000000018,100.0,0.0,0.0,219,0,0,0,0,101008.5100000006,176.48999999999944
